Web Search interest: market research; marketing research; free market research; market report; market analysis
United States; 2004 - present

Interest over time
Week,market research,marketing research,market report,market analysis
2004-01-04 - 2004-01-10,77,30,21,32
2004-01-11 - 2004-01-17,92,43,15,20
2004-01-18 - 2004-01-24,89,46,23,30
2004-01-25 - 2004-01-31,89,50,20,26
2004-02-01 - 2004-02-07,97,39,16,39
2004-02-08 - 2004-02-14,90,43,23,45
2004-02-15 - 2004-02-21,90,42,23,26
2004-02-22 - 2004-02-28,90,53,15,35
2004-02-29 - 2004-03-06,93,56,22,37
2004-03-07 - 2004-03-13,86,33,13,31
2004-03-14 - 2004-03-20,76,33,13,32
2004-03-21 - 2004-03-27,91,44,19,36
2004-03-28 - 2004-04-03,81,48,25,40
2004-04-04 - 2004-04-10,90,44,24,33
2004-04-11 - 2004-04-17,68,37,15,19
2004-04-18 - 2004-04-24,69,49,25,40
2004-04-25 - 2004-05-01,88,46,24,34
2004-05-02 - 2004-05-08,86,40,13,25
2004-05-09 - 2004-05-15,80,39,21,33
2004-05-16 - 2004-05-22,70,38,16,31
2004-05-23 - 2004-05-29,80,37,18,24
2004-05-30 - 2004-06-05,78,31,21,28
2004-06-06 - 2004-06-12,86,37,12,36
2004-06-13 - 2004-06-19,77,36,22,33
2004-06-20 - 2004-06-26,74,42,22,44
2004-06-27 - 2004-07-03,77,38,20,31
2004-07-04 - 2004-07-10,67,31,15,30
2004-07-11 - 2004-07-17,86,45,18,35
2004-07-18 - 2004-07-24,81,38,24,38
2004-07-25 - 2004-07-31,78,35,22,23
2004-08-01 - 2004-08-07,79,41,22,38
2004-08-08 - 2004-08-14,68,29,27,22
2004-08-15 - 2004-08-21,75,28,18,22
2004-08-22 - 2004-08-28,72,31,12,25
2004-08-29 - 2004-09-04,65,44,20,19
2004-09-05 - 2004-09-11,71,44,12,27
2004-09-12 - 2004-09-18,81,33,16,20
2004-09-19 - 2004-09-25,76,51,18,32
2004-09-26 - 2004-10-02,84,43,18,29
2004-10-03 - 2004-10-09,73,44,15,32
2004-10-10 - 2004-10-16,89,52,29,34
2004-10-17 - 2004-10-23,94,34,27,30
2004-10-24 - 2004-10-30,100,37,21,22
2004-10-31 - 2004-11-06,75,32,24,30
2004-11-07 - 2004-11-13,95,43,16,36
2004-11-14 - 2004-11-20,93,37,17,30
2004-11-21 - 2004-11-27,61,36,19,23
2004-11-28 - 2004-12-04,75,34,21,40
2004-12-05 - 2004-12-11,65,27,20,32
2004-12-12 - 2004-12-18,60,34,17,23
2004-12-19 - 2004-12-25,55,23,11,21
2004-12-26 - 2005-01-01,38,12,15,18
2005-01-02 - 2005-01-08,75,29,19,15
2005-01-09 - 2005-01-15,65,28,22,20
2005-01-16 - 2005-01-22,86,37,28,27
2005-01-23 - 2005-01-29,77,31,23,27
2005-01-30 - 2005-02-05,84,36,8,20
2005-02-06 - 2005-02-12,79,37,25,35
2005-02-13 - 2005-02-19,72,35,19,33
2005-02-20 - 2005-02-26,73,33,17,37
2005-02-27 - 2005-03-05,83,43,22,23
2005-03-06 - 2005-03-12,72,39,18,30
2005-03-13 - 2005-03-19,58,30,18,24
2005-03-20 - 2005-03-26,65,32,13,33
2005-03-27 - 2005-04-02,66,28,17,25
2005-04-03 - 2005-04-09,73,34,24,35
2005-04-10 - 2005-04-16,62,31,25,35
2005-04-17 - 2005-04-23,75,45,22,39
2005-04-24 - 2005-04-30,62,33,25,41
2005-05-01 - 2005-05-07,70,26,19,34
2005-05-08 - 2005-05-14,58,28,12,27
2005-05-15 - 2005-05-21,74,28,14,21
2005-05-22 - 2005-05-28,57,31,15,30
2005-05-29 - 2005-06-04,49,34,20,25
2005-06-05 - 2005-06-11,71,25,18,23
2005-06-12 - 2005-06-18,72,33,20,34
2005-06-19 - 2005-06-25,62,33,14,32
2005-06-26 - 2005-07-02,72,34,20,21
2005-07-03 - 2005-07-09,64,27,19,27
2005-07-10 - 2005-07-16,65,36,21,35
2005-07-17 - 2005-07-23,63,30,21,17
2005-07-24 - 2005-07-30,58,31,15,19
2005-07-31 - 2005-08-06,62,34,20,31
2005-08-07 - 2005-08-13,52,28,13,27
2005-08-14 - 2005-08-20,59,29,13,19
2005-08-21 - 2005-08-27,59,26,14,19
2005-08-28 - 2005-09-03,47,27,15,20
2005-09-04 - 2005-09-10,67,27,15,19
2005-09-11 - 2005-09-17,50,33,18,27
2005-09-18 - 2005-09-24,55,26,20,22
2005-09-25 - 2005-10-01,58,31,20,32
2005-10-02 - 2005-10-08,65,42,19,26
2005-10-09 - 2005-10-15,58,34,20,24
2005-10-16 - 2005-10-22,72,35,26,30
2005-10-23 - 2005-10-29,70,31,15,26
2005-10-30 - 2005-11-05,73,32,20,32
2005-11-06 - 2005-11-12,55,34,15,29
2005-11-13 - 2005-11-19,66,26,19,34
2005-11-20 - 2005-11-26,48,21,20,24
2005-11-27 - 2005-12-03,57,29,20,24
2005-12-04 - 2005-12-10,57,30,15,26
2005-12-11 - 2005-12-17,47,24,15,19
2005-12-18 - 2005-12-24,38,20,10,17
2005-12-25 - 2005-12-31,28,18,12,19
2006-01-01 - 2006-01-07,54,24,14,17
2006-01-08 - 2006-01-14,48,20,19,19
2006-01-15 - 2006-01-21,61,31,19,18
2006-01-22 - 2006-01-28,51,32,22,21
2006-01-29 - 2006-02-04,60,26,15,20
2006-02-05 - 2006-02-11,58,31,14,18
2006-02-12 - 2006-02-18,60,31,15,23
2006-02-19 - 2006-02-25,59,32,17,30
2006-02-26 - 2006-03-04,60,29,15,28
2006-03-05 - 2006-03-11,64,24,15,30
2006-03-12 - 2006-03-18,64,25,20,31
2006-03-19 - 2006-03-25,50,25,14,20
2006-03-26 - 2006-04-01,56,28,14,23
2006-04-02 - 2006-04-08,55,30,23,29
2006-04-09 - 2006-04-15,52,28,11,22
2006-04-16 - 2006-04-22,62,27,16,33
2006-04-23 - 2006-04-29,62,27,23,27
2006-04-30 - 2006-05-06,51,29,16,28
2006-05-07 - 2006-05-13,52,28,18,21
2006-05-14 - 2006-05-20,53,27,16,23
2006-05-21 - 2006-05-27,49,23,20,19
2006-05-28 - 2006-06-03,42,21,16,26
2006-06-04 - 2006-06-10,58,23,21,30
2006-06-11 - 2006-06-17,41,18,19,25
2006-06-18 - 2006-06-24,49,22,16,19
2006-06-25 - 2006-07-01,50,24,17,16
2006-07-02 - 2006-07-08,42,18,14,10
2006-07-09 - 2006-07-15,52,20,16,24
2006-07-16 - 2006-07-22,51,23,17,18
2006-07-23 - 2006-07-29,51,19,17,23
2006-07-30 - 2006-08-05,52,18,17,19
2006-08-06 - 2006-08-12,45,15,18,17
2006-08-13 - 2006-08-19,50,19,18,14
2006-08-20 - 2006-08-26,61,23,14,14
2006-08-27 - 2006-09-02,47,25,21,14
2006-09-03 - 2006-09-09,51,27,12,15
2006-09-10 - 2006-09-16,48,27,13,18
2006-09-17 - 2006-09-23,47,25,16,25
2006-09-24 - 2006-09-30,57,28,17,24
2006-10-01 - 2006-10-07,42,18,16,17
2006-10-08 - 2006-10-14,53,28,17,15
2006-10-15 - 2006-10-21,47,27,14,23
2006-10-22 - 2006-10-28,51,28,17,20
2006-10-29 - 2006-11-04,52,30,17,23
2006-11-05 - 2006-11-11,48,24,18,24
2006-11-12 - 2006-11-18,49,20,15,23
2006-11-19 - 2006-11-25,34,15,13,14
2006-11-26 - 2006-12-02,36,20,18,23
2006-12-03 - 2006-12-09,43,20,15,20
2006-12-10 - 2006-12-16,43,22,18,19
2006-12-17 - 2006-12-23,37,15,10,11
2006-12-24 - 2006-12-30,22,9,13,10
2006-12-31 - 2007-01-06,40,13,16,14
2007-01-07 - 2007-01-13,48,20,14,14
2007-01-14 - 2007-01-20,45,18,13,16
2007-01-21 - 2007-01-27,44,27,17,18
2007-01-28 - 2007-02-03,51,32,17,19
2007-02-04 - 2007-02-10,47,25,11,18
2007-02-11 - 2007-02-17,50,26,16,18
2007-02-18 - 2007-02-24,54,26,12,21
2007-02-25 - 2007-03-03,47,20,24,17
2007-03-04 - 2007-03-10,46,23,17,15
2007-03-11 - 2007-03-17,40,18,17,18
2007-03-18 - 2007-03-24,47,20,13,17
2007-03-25 - 2007-03-31,46,17,21,22
2007-04-01 - 2007-04-07,38,20,14,22
2007-04-08 - 2007-04-14,48,21,14,25
2007-04-15 - 2007-04-21,50,18,17,25
2007-04-22 - 2007-04-28,49,23,19,20
2007-04-29 - 2007-05-05,46,24,17,23
2007-05-06 - 2007-05-12,48,25,15,17
2007-05-13 - 2007-05-19,52,22,17,15
2007-05-20 - 2007-05-26,45,20,14,16
2007-05-27 - 2007-06-02,35,22,18,20
2007-06-03 - 2007-06-09,39,24,17,22
2007-06-10 - 2007-06-16,48,18,18,19
2007-06-17 - 2007-06-23,49,19,18,17
2007-06-24 - 2007-06-30,47,23,14,18
2007-07-01 - 2007-07-07,33,17,18,18
2007-07-08 - 2007-07-14,49,28,17,19
2007-07-15 - 2007-07-21,48,20,23,22
2007-07-22 - 2007-07-28,45,17,21,17
2007-07-29 - 2007-08-04,44,19,23,14
2007-08-05 - 2007-08-11,37,20,19,16
2007-08-12 - 2007-08-18,46,16,25,16
2007-08-19 - 2007-08-25,38,20,15,15
2007-08-26 - 2007-09-01,33,21,15,17
2007-09-02 - 2007-09-08,38,21,13,17
2007-09-09 - 2007-09-15,45,21,18,19
2007-09-16 - 2007-09-22,47,22,17,20
2007-09-23 - 2007-09-29,54,22,19,17
2007-09-30 - 2007-10-06,46,23,18,19
2007-10-07 - 2007-10-13,54,24,16,19
2007-10-14 - 2007-10-20,47,22,18,17
2007-10-21 - 2007-10-27,46,20,19,21
2007-10-28 - 2007-11-03,44,20,20,19
2007-11-04 - 2007-11-10,44,24,20,21
2007-11-11 - 2007-11-17,44,19,16,23
2007-11-18 - 2007-11-24,38,12,13,13
2007-11-25 - 2007-12-01,40,22,18,25
2007-12-02 - 2007-12-08,43,19,16,21
2007-12-09 - 2007-12-15,37,24,15,16
2007-12-16 - 2007-12-22,33,14,16,13
2007-12-23 - 2007-12-29,24,10,9,9
2007-12-30 - 2008-01-05,28,12,14,12
2008-01-06 - 2008-01-12,39,19,17,14
2008-01-13 - 2008-01-19,51,24,23,14
2008-01-20 - 2008-01-26,44,19,26,14
2008-01-27 - 2008-02-02,46,22,18,17
2008-02-03 - 2008-02-09,44,22,21,19
2008-02-10 - 2008-02-16,39,22,18,17
2008-02-17 - 2008-02-23,41,26,18,18
2008-02-24 - 2008-03-01,40,22,22,18
2008-03-02 - 2008-03-08,48,26,18,24
2008-03-09 - 2008-03-15,44,19,17,23
2008-03-16 - 2008-03-22,41,17,17,21
2008-03-23 - 2008-03-29,39,19,14,20
2008-03-30 - 2008-04-05,47,17,23,22
2008-04-06 - 2008-04-12,45,24,17,21
2008-04-13 - 2008-04-19,36,17,15,23
2008-04-20 - 2008-04-26,43,20,22,22
2008-04-27 - 2008-05-03,44,21,19,18
2008-05-04 - 2008-05-10,36,18,14,20
2008-05-11 - 2008-05-17,36,20,17,12
2008-05-18 - 2008-05-24,41,18,14,14
2008-05-25 - 2008-05-31,38,19,14,15
2008-06-01 - 2008-06-07,38,18,15,16
2008-06-08 - 2008-06-14,39,16,17,17
2008-06-15 - 2008-06-21,44,21,19,15
2008-06-22 - 2008-06-28,37,17,21,16
2008-06-29 - 2008-07-05,32,15,17,17
2008-07-06 - 2008-07-12,40,19,15,11
2008-07-13 - 2008-07-19,39,17,19,14
2008-07-20 - 2008-07-26,38,17,19,14
2008-07-27 - 2008-08-02,42,15,16,11
2008-08-03 - 2008-08-09,39,18,17,10
2008-08-10 - 2008-08-16,39,18,14,10
2008-08-17 - 2008-08-23,37,15,14,11
2008-08-24 - 2008-08-30,37,17,13,13
2008-08-31 - 2008-09-06,38,19,13,13
2008-09-07 - 2008-09-13,43,19,13,16
2008-09-14 - 2008-09-20,40,25,27,18
2008-09-21 - 2008-09-27,39,21,27,15
2008-09-28 - 2008-10-04,47,19,32,21
2008-10-05 - 2008-10-11,37,24,32,20
2008-10-12 - 2008-10-18,43,19,33,22
2008-10-19 - 2008-10-25,41,22,27,19
2008-10-26 - 2008-11-01,42,20,23,20
2008-11-02 - 2008-11-08,36,16,20,17
2008-11-09 - 2008-11-15,43,18,21,17
2008-11-16 - 2008-11-22,39,23,21,21
2008-11-23 - 2008-11-29,27,14,18,10
2008-11-30 - 2008-12-06,41,21,20,17
2008-12-07 - 2008-12-13,34,19,21,16
2008-12-14 - 2008-12-20,30,17,19,13
2008-12-21 - 2008-12-27,18,10,13,7
2008-12-28 - 2009-01-03,20,9,11,7
2009-01-04 - 2009-01-10,33,15,17,11
2009-01-11 - 2009-01-17,32,21,16,14
2009-01-18 - 2009-01-24,31,18,20,14
2009-01-25 - 2009-01-31,40,20,17,16
2009-02-01 - 2009-02-07,43,24,14,16
2009-02-08 - 2009-02-14,37,23,18,16
2009-02-15 - 2009-02-21,39,20,17,14
2009-02-22 - 2009-02-28,41,19,20,19
2009-03-01 - 2009-03-07,38,16,20,20
2009-03-08 - 2009-03-14,41,21,22,20
2009-03-15 - 2009-03-21,37,20,18,18
2009-03-22 - 2009-03-28,39,18,18,17
2009-03-29 - 2009-04-04,39,15,17,20
2009-04-05 - 2009-04-11,32,16,16,16
2009-04-12 - 2009-04-18,37,16,16,19
2009-04-19 - 2009-04-25,40,19,18,19
2009-04-26 - 2009-05-02,41,21,16,17
2009-05-03 - 2009-05-09,36,19,18,17
2009-05-10 - 2009-05-16,37,17,13,17
2009-05-17 - 2009-05-23,31,15,12,15
2009-05-24 - 2009-05-30,33,16,15,17
2009-05-31 - 2009-06-06,32,20,16,13
2009-06-07 - 2009-06-13,37,18,15,17
2009-06-14 - 2009-06-20,35,16,16,15
2009-06-21 - 2009-06-27,34,17,12,12
2009-06-28 - 2009-07-04,32,13,13,12
2009-07-05 - 2009-07-11,38,18,14,12
2009-07-12 - 2009-07-18,36,15,13,14
2009-07-19 - 2009-07-25,34,16,13,13
2009-07-26 - 2009-08-01,31,15,15,15
2009-08-02 - 2009-08-08,36,15,15,15
2009-08-09 - 2009-08-15,33,15,14,14
2009-08-16 - 2009-08-22,29,12,15,10
2009-08-23 - 2009-08-29,34,15,11,14
2009-08-30 - 2009-09-05,28,19,13,14
2009-09-06 - 2009-09-12,32,18,15,12
2009-09-13 - 2009-09-19,38,20,14,16
2009-09-20 - 2009-09-26,34,23,14,13
2009-09-27 - 2009-10-03,37,16,15,20
2009-10-04 - 2009-10-10,39,23,14,18
2009-10-11 - 2009-10-17,40,22,17,14
2009-10-18 - 2009-10-24,38,20,16,14
2009-10-25 - 2009-10-31,35,19,17,20
2009-11-01 - 2009-11-07,39,21,18,19
2009-11-08 - 2009-11-14,38,18,15,21
2009-11-15 - 2009-11-21,37,18,14,21
2009-11-22 - 2009-11-28,23,12,12,16
2009-11-29 - 2009-12-05,35,18,13,18
2009-12-06 - 2009-12-12,33,17,16,20
2009-12-13 - 2009-12-19,28,13,12,12
2009-12-20 - 2009-12-26,18,8,8,8
2009-12-27 - 2010-01-02,18,7,8,8
2010-01-03 - 2010-01-09,29,17,12,9
2010-01-10 - 2010-01-16,32,17,14,14
2010-01-17 - 2010-01-23,32,19,13,14
2010-01-24 - 2010-01-30,37,20,14,16
2010-01-31 - 2010-02-06,32,18,13,16
2010-02-07 - 2010-02-13,32,19,13,17
2010-02-14 - 2010-02-20,37,16,15,16
2010-02-21 - 2010-02-27,36,20,14,16
2010-02-28 - 2010-03-06,39,20,16,18
2010-03-07 - 2010-03-13,37,21,17,19
2010-03-14 - 2010-03-20,32,16,14,16
2010-03-21 - 2010-03-27,35,17,13,19
2010-03-28 - 2010-04-03,28,18,14,15
2010-04-04 - 2010-04-10,33,13,15,17
2010-04-11 - 2010-04-17,33,16,14,18
2010-04-18 - 2010-04-24,34,18,17,20
2010-04-25 - 2010-05-01,39,19,15,21
2010-05-02 - 2010-05-08,36,18,16,21
2010-05-09 - 2010-05-15,32,15,18,14
2010-05-16 - 2010-05-22,25,14,14,14
2010-05-23 - 2010-05-29,29,16,11,13
2010-05-30 - 2010-06-05,28,12,12,13
2010-06-06 - 2010-06-12,34,16,16,17
2010-06-13 - 2010-06-19,28,14,13,16
2010-06-20 - 2010-06-26,29,13,12,14
2010-06-27 - 2010-07-03,31,10,10,12
2010-07-04 - 2010-07-10,25,13,12,10
2010-07-11 - 2010-07-17,25,11,14,12
2010-07-18 - 2010-07-24,25,12,10,12
2010-07-25 - 2010-07-31,29,16,12,13
2010-08-01 - 2010-08-07,26,13,14,10
2010-08-08 - 2010-08-14,27,12,13,11
2010-08-15 - 2010-08-21,27,13,12,11
2010-08-22 - 2010-08-28,28,10,15,11
2010-08-29 - 2010-09-04,25,14,12,10
2010-09-05 - 2010-09-11,25,14,12,13
2010-09-12 - 2010-09-18,31,18,10,14
2010-09-19 - 2010-09-25,31,16,12,15
2010-09-26 - 2010-10-02,28,20,14,14
2010-10-03 - 2010-10-09,31,18,14,13
2010-10-10 - 2010-10-16,28,14,13,15
2010-10-17 - 2010-10-23,32,16,13,15
2010-10-24 - 2010-10-30,30,15,13,15
2010-10-31 - 2010-11-06,29,16,14,16
2010-11-07 - 2010-11-13,31,16,13,16
2010-11-14 - 2010-11-20,27,12,11,16
2010-11-21 - 2010-11-27,20,10,9,11
2010-11-28 - 2010-12-04,28,15,15,17
2010-12-05 - 2010-12-11,26,16,13,14
2010-12-12 - 2010-12-18,22,13,9,12
2010-12-19 - 2010-12-25,17,8,9,5
2010-12-26 - 2011-01-01,14,7,7,5
2011-01-02 - 2011-01-08,28,12,11,10
2011-01-09 - 2011-01-15,30,13,13,9
2011-01-16 - 2011-01-22,29,16,13,12
2011-01-23 - 2011-01-29,32,18,17,13
2011-01-30 - 2011-02-05,30,17,12,11
2011-02-06 - 2011-02-12,31,16,14,14
2011-02-13 - 2011-02-19,28,17,13,14
2011-02-20 - 2011-02-26,32,16,14,13
2011-02-27 - 2011-03-05,30,17,12,16
2011-03-06 - 2011-03-12,31,16,15,15
2011-03-13 - 2011-03-19,27,12,13,13
2011-03-20 - 2011-03-26,30,16,12,13
2011-03-27 - 2011-04-02,28,16,13,14
2011-04-03 - 2011-04-09,31,16,16,15
2011-04-10 - 2011-04-16,27,13,14,17
2011-04-17 - 2011-04-23,32,16,14,17
2011-04-24 - 2011-04-30,31,15,12,17
2011-05-01 - 2011-05-07,28,15,14,17
2011-05-08 - 2011-05-14,25,14,14,14
2011-05-15 - 2011-05-21,27,13,13,11
2011-05-22 - 2011-05-28,25,12,13,12
2011-05-29 - 2011-06-04,27,11,13,12
2011-06-05 - 2011-06-11,28,12,14,11
2011-06-12 - 2011-06-18,28,13,11,12
2011-06-19 - 2011-06-25,26,12,12,11
2011-06-26 - 2011-07-02,26,12,11,10
2011-07-03 - 2011-07-09,26,10,12,9
2011-07-10 - 2011-07-16,30,13,14,14
2011-07-17 - 2011-07-23,26,11,12,9
2011-07-24 - 2011-07-30,26,12,14,13
2011-07-31 - 2011-08-06,30,10,19,11
2011-08-07 - 2011-08-13,25,10,22,12
2011-08-14 - 2011-08-20,26,10,17,11
2011-08-21 - 2011-08-27,21,10,14,9
2011-08-28 - 2011-09-03,27,15,10,10
2011-09-04 - 2011-09-10,26,16,11,12
2011-09-11 - 2011-09-17,27,16,14,12
2011-09-18 - 2011-09-24,31,19,15,16
2011-09-25 - 2011-10-01,32,17,13,13
2011-10-02 - 2011-10-08,32,15,14,13
2011-10-09 - 2011-10-15,30,13,13,15
2011-10-16 - 2011-10-22,29,16,15,16
2011-10-23 - 2011-10-29,28,15,13,14
2011-10-30 - 2011-11-05,28,14,12,16
2011-11-06 - 2011-11-12,27,15,16,14
2011-11-13 - 2011-11-19,30,16,13,12
2011-11-20 - 2011-11-26,19,11,10,12
2011-11-27 - 2011-12-03,27,14,15,16
2011-12-04 - 2011-12-10,28,15,13,17
2011-12-11 - 2011-12-17,24,12,11,12
2011-12-18 - 2011-12-24,17,8,10,7
2011-12-25 - 2011-12-31,14,8,8,5
2012-01-01 - 2012-01-07,22,10,12,9
2012-01-08 - 2012-01-14,27,11,13,9
2012-01-15 - 2012-01-21,25,15,10,11
2012-01-22 - 2012-01-28,25,15,11,13
2012-01-29 - 2012-02-04,29,16,12,13
2012-02-05 - 2012-02-11,28,15,13,15
2012-02-12 - 2012-02-18,29,14,13,13
2012-02-19 - 2012-02-25,28,15,14,14
2012-02-26 - 2012-03-03,28,15,12,15
2012-03-04 - 2012-03-10,28,14,11,14
2012-03-11 - 2012-03-17,23,13,11,11
2012-03-18 - 2012-03-24,25,15,13,13
2012-03-25 - 2012-03-31,27,13,12,13
2012-04-01 - 2012-04-07,25,11,11,13
2012-04-08 - 2012-04-14,24,14,12,13
2012-04-15 - 2012-04-21,28,14,15,16
2012-04-22 - 2012-04-28,26,13,13,16
2012-04-29 - 2012-05-05,26,14,12,15
2012-05-06 - 2012-05-12,26,12,12,13
2012-05-13 - 2012-05-19,23,12,12,11
2012-05-20 - 2012-05-26,23,13,11,12
2012-05-27 - 2012-06-02,23,10,12,13
2012-06-03 - 2012-06-09,24,10,14,10
2012-06-10 - 2012-06-16,25,12,10,11
2012-06-17 - 2012-06-23,26,12,10,11
2012-06-24 - 2012-06-30,23,10,11,11
2012-07-01 - 2012-07-07,19,9,12,8
2012-07-08 - 2012-07-14,24,12,13,9
2012-07-15 - 2012-07-21,23,11,14,10
2012-07-22 - 2012-07-28,22,9,15,11
2012-07-29 - 2012-08-04,23,10,12,9
2012-08-05 - 2012-08-11,25,11,12,8
2012-08-12 - 2012-08-18,22,9,11,10
2012-08-19 - 2012-08-25,24,11,13,9
2012-08-26 - 2012-09-01,22,12,11,9
2012-09-02 - 2012-09-08,20,13,12,10
2012-09-09 - 2012-09-15,24,14,11,14
2012-09-16 - 2012-09-22,27,15,11,14
2012-09-23 - 2012-09-29,26,15,14,14
2012-09-30 - 2012-10-06,28,13,14,14
2012-10-07 - 2012-10-13,24,13,12,15
2012-10-14 - 2012-10-20,25,14,12,12
2012-10-21 - 2012-10-27,23,14,13,13
2012-10-28 - 2012-11-03,20,12,13,12
2012-11-04 - 2012-11-10,22,12,13,13
2012-11-11 - 2012-11-17,23,14,13,14
2012-11-18 - 2012-11-24,18,9,12,10
2012-11-25 - 2012-12-01,26,14,12,15
2012-12-02 - 2012-12-08,23,13,12,15
2012-12-09 - 2012-12-15,21,12,10,13
2012-12-16 - 2012-12-22,17,8,10,8
2012-12-23 - 2012-12-29,10,5,8,4
2012-12-30 - 2013-01-05,15,6,10,6
2013-01-06 - 2013-01-12,23,11,13,9
2013-01-13 - 2013-01-19,24,12,11,10
2013-01-20 - 2013-01-26,23,13,13,11
2013-01-27 - 2013-02-02,25,14,14,13
2013-02-03 - 2013-02-09,26,15,13,11
2013-02-10 - 2013-02-16,22,14,13,11
2013-02-17 - 2013-02-23,24,12,12,14
2013-02-24 - 2013-03-02,28,16,13,14
2013-03-03 - 2013-03-09,25,13,12,15
2013-03-10 - 2013-03-16,25,12,12,12
2013-03-17 - 2013-03-23,24,13,14,12
2013-03-24 - 2013-03-30,22,12,12,11
2013-03-31 - 2013-04-06,23,11,13,11
2013-04-07 - 2013-04-13,26,11,13,14
2013-04-14 - 2013-04-20,23,13,14,15
2013-04-21 - 2013-04-27,25,13,13,16
2013-04-28 - 2013-05-04,24,12,13,13
2013-05-05 - 2013-05-11,23,12,14,12
2013-05-12 - 2013-05-18,24,10,10,12
2013-05-19 - 2013-05-25,22,10,11,9
2013-05-26 - 2013-06-01,21,8,10,11
2013-06-02 - 2013-06-08,24,10,11,11
2013-06-09 - 2013-06-15,24,11,14,11
2013-06-16 - 2013-06-22,21,10,12,11
2013-06-23 - 2013-06-29,20,8,12,10
2013-06-30 - 2013-07-06,16,8,9,6
2013-07-07 - 2013-07-13,23,10,12,10
2013-07-14 - 2013-07-20,22,11,12,9
2013-07-21 - 2013-07-27,24,9,11,10
2013-07-28 - 2013-08-03,22,8,12,10
2013-08-04 - 2013-08-10,22,9,13,9
2013-08-11 - 2013-08-17,23,9,13,9
2013-08-18 - 2013-08-24,25,9,12,9
2013-08-25 - 2013-08-31,19,11,11,9
2013-09-01 - 2013-09-07,23,11,11,9
2013-09-08 - 2013-09-14,24,15,12,12
2013-09-15 - 2013-09-21,25,13,12,13
2013-09-22 - 2013-09-28,26,16,11,12
2013-09-29 - 2013-10-05,23,14,14,12
2013-10-06 - 2013-10-12,29,15,15,14
2013-10-13 - 2013-10-19,28,14,14,12
2013-10-20 - 2013-10-26,28,15,15,15
2013-10-27 - 2013-11-02,23,12,13,13
2013-11-03 - 2013-11-09,27,14,14,14
2013-11-10 - 2013-11-16,27,15,13,15
2013-11-17 - 2013-11-23,24,12,13,16
2013-11-24 - 2013-11-30,17,9,11,9
2013-12-01 - 2013-12-07,21,11,12,15
2013-12-08 - 2013-12-14,21,11,11,13
2013-12-15 - 2013-12-21,20,9,10,10
2013-12-22 - 2013-12-28,9,5,6,5
2013-12-29 - 2014-01-04,14,5,9,6
2014-01-05 - 2014-01-11,19,9,12,9
2014-01-12 - 2014-01-18,24,12,14,10
2014-01-19 - 2014-01-25,22,13,13,10
2014-01-26 - 2014-02-01,24,13,13,11
2014-02-02 - 2014-02-08,24,13,16,13
2014-02-09 - 2014-02-15,24,13,14,14
2014-02-16 - 2014-02-22,23,14,13,14
2014-02-23 - 2014-03-01,26,15,13,15
2014-03-02 - 2014-03-08,24,13,13,14
2014-03-09 - 2014-03-15,25,12,14,13
2014-03-16 - 2014-03-22,24,11,12,13
2014-03-23 - 2014-03-29,25,13,14,14
2014-03-30 - 2014-04-05,25,13,13,14
2014-04-06 - 2014-04-12,26,12,15,14
2014-04-13 - 2014-04-19,22,12,14,15
2014-04-20 - 2014-04-26,26,12,13,16
2014-04-27 - 2014-05-03,25,10,14,15
2014-05-04 - 2014-05-10,24,11,14,11
2014-05-11 - 2014-05-17,23,10,12,12
2014-05-18 - 2014-05-24,22,9,12,10
2014-05-25 - 2014-05-31,22,9,11,11
2014-06-01 - 2014-06-07,21,9,13,10
2014-06-08 - 2014-06-14,20,10,11,12
2014-06-15 - 2014-06-21,22,8,11,10
2014-06-22 - 2014-06-28,23,10,12,11
2014-06-29 - 2014-07-05,19,9,9,9
2014-07-06 - 2014-07-12,20,9,13,10
2014-07-13 - 2014-07-19,21,9,13,9
2014-07-20 - 2014-07-26,23,7,14,10
2014-07-27 - 2014-08-02,20,8,14,10
2014-08-03 - 2014-08-09,22,6,13,10
2014-08-10 - 2014-08-16,20,8,14,10
2014-08-17 - 2014-08-23,17,7,13,9
2014-08-24 - 2014-08-30,20,9,14,9
2014-08-31 - 2014-09-06,22,10,12,11
2014-09-07 - 2014-09-13,25,14,14,11
2014-09-14 - 2014-09-20,24,13,12,15
2014-09-21 - 2014-09-27,27,14,13,15
2014-09-28 - 2014-10-04,26,14,17,14
2014-10-05 - 2014-10-11,26,14,15,14
2014-10-12 - 2014-10-18,25,14,17,14
2014-10-19 - 2014-10-25,14,10,11,7


Top subregions for market research
Subregion,market research,marketing research,free market research,market report,market analysis
New Jersey,100,81,0,64,87
District of Columbia,97,78,0,100,100
Massachusetts,97,83,0,79,94
New York,93,80,96,79,81
Illinois,91,82,78,58,75
Connecticut,88,87,0,63,88
Pennsylvania,86,89,97,66,84
Ohio,84,100,0,58,74
Maryland,76,75,0,61,89
Minnesota,76,74,0,62,76
California,75,65,91,64,76
Delaware,74,90,0,0,85
Colorado,72,61,0,72,86
Utah,69,67,0,62,72
Indiana,68,80,0,56,84
Missouri,67,94,0,75,66
Georgia,66,87,100,53,79
Arizona,66,68,0,56,71
North Carolina,65,78,0,62,82
New Hampshire,63,76,0,61,81
Wisconsin,63,80,0,66,75
Washington,62,49,0,59,72
Michigan,62,74,0,47,73
Florida,61,67,90,53,76
Texas,60,64,76,63,76
Virginia,59,66,0,52,72
Rhode Island,58,83,0,59,81
Vermont,54,0,0,0,65
Oregon,53,44,0,53,62
Iowa,52,82,0,76,73
Kansas,50,67,0,62,68
Tennessee,49,61,0,63,64
Maine,48,45,0,45,55
Nebraska,48,60,0,73,75
Arkansas,47,61,0,84,66
Idaho,47,49,0,81,69
Kentucky,47,61,0,70,55
New Mexico,46,57,0,59,92
South Carolina,45,71,0,62,75
Nevada,45,49,0,48,57
Alabama,44,63,0,56,73
South Dakota,41,0,0,96,0
Oklahoma,40,52,0,97,67
Hawaii,39,59,0,56,66
Mississippi,39,51,0,48,60
Montana,37,0,0,94,83
Louisiana,37,57,0,45,59
West Virginia,36,59,0,67,55
North Dakota,36,0,0,81,0
Alaska,0,0,0,0,0
Wyoming,0,0,0,0,0

Top subregions for marketing research
Subregion,market research,marketing research,free market research,market report,market analysis
Ohio,84,100,0,58,74
Missouri,67,94,0,75,66
Delaware,74,90,0,0,85
Pennsylvania,86,89,97,66,84
Georgia,66,87,100,53,79
Connecticut,88,87,0,63,88
Rhode Island,58,83,0,59,81
Massachusetts,97,83,0,79,94
Illinois,91,82,78,58,75
Iowa,52,82,0,76,73
New Jersey,100,81,0,64,87
Indiana,68,80,0,56,84
Wisconsin,63,80,0,66,75
New York,93,80,96,79,81
District of Columbia,97,78,0,100,100
North Carolina,65,78,0,62,82
New Hampshire,63,76,0,61,81
Maryland,76,75,0,61,89
Michigan,62,74,0,47,73
Minnesota,76,74,0,62,76
South Carolina,45,71,0,62,75
Arizona,66,68,0,56,71
Utah,69,67,0,62,72
Kansas,50,67,0,62,68
Florida,61,67,90,53,76
Virginia,59,66,0,52,72
California,75,65,91,64,76
Texas,60,64,76,63,76
Alabama,44,63,0,56,73
Kentucky,47,61,0,70,55
Arkansas,47,61,0,84,66
Tennessee,49,61,0,63,64
Colorado,72,61,0,72,86
Nebraska,48,60,0,73,75
West Virginia,36,59,0,67,55
Hawaii,39,59,0,56,66
Louisiana,37,57,0,45,59
New Mexico,46,57,0,59,92
Oklahoma,40,52,0,97,67
Mississippi,39,51,0,48,60
Nevada,45,49,0,48,57
Washington,62,49,0,59,72
Idaho,47,49,0,81,69
Maine,48,45,0,45,55
Oregon,53,44,0,53,62
Alaska,0,0,0,0,0
Montana,37,0,0,94,83
North Dakota,36,0,0,81,0
South Dakota,41,0,0,96,0
Vermont,54,0,0,0,65
Wyoming,0,0,0,0,0

Top subregions for free market research
Subregion,market research,marketing research,free market research,market report,market analysis
Georgia,66,87,100,53,79
Pennsylvania,86,89,97,66,84
New York,93,80,96,79,81
California,75,65,91,64,76
Florida,61,67,90,53,76
Illinois,91,82,78,58,75
Texas,60,64,76,63,76
Alaska,0,0,0,0,0
Alabama,44,63,0,56,73
Arkansas,47,61,0,84,66
Arizona,66,68,0,56,71
Colorado,72,61,0,72,86
Connecticut,88,87,0,63,88
District of Columbia,97,78,0,100,100
Delaware,74,90,0,0,85
Hawaii,39,59,0,56,66
Iowa,52,82,0,76,73
Idaho,47,49,0,81,69
Indiana,68,80,0,56,84
Kansas,50,67,0,62,68
Kentucky,47,61,0,70,55
Louisiana,37,57,0,45,59
Massachusetts,97,83,0,79,94
Maryland,76,75,0,61,89
Maine,48,45,0,45,55
Michigan,62,74,0,47,73
Minnesota,76,74,0,62,76
Missouri,67,94,0,75,66
Mississippi,39,51,0,48,60
Montana,37,0,0,94,83
North Carolina,65,78,0,62,82
North Dakota,36,0,0,81,0
Nebraska,48,60,0,73,75
New Hampshire,63,76,0,61,81
New Jersey,100,81,0,64,87
New Mexico,46,57,0,59,92
Nevada,45,49,0,48,57
Ohio,84,100,0,58,74
Oklahoma,40,52,0,97,67
Oregon,53,44,0,53,62
Rhode Island,58,83,0,59,81
South Carolina,45,71,0,62,75
South Dakota,41,0,0,96,0
Tennessee,49,61,0,63,64
Utah,69,67,0,62,72
Virginia,59,66,0,52,72
Vermont,54,0,0,0,65
Washington,62,49,0,59,72
Wisconsin,63,80,0,66,75
West Virginia,36,59,0,67,55
Wyoming,0,0,0,0,0

Top subregions for market report
Subregion,market research,marketing research,free market research,market report,market analysis
District of Columbia,97,78,0,100,100
Oklahoma,40,52,0,97,67
South Dakota,41,0,0,96,0
Montana,37,0,0,94,83
Arkansas,47,61,0,84,66
Idaho,47,49,0,81,69
North Dakota,36,0,0,81,0
New York,93,80,96,79,81
Massachusetts,97,83,0,79,94
Iowa,52,82,0,76,73
Missouri,67,94,0,75,66
Nebraska,48,60,0,73,75
Colorado,72,61,0,72,86
Kentucky,47,61,0,70,55
West Virginia,36,59,0,67,55
Pennsylvania,86,89,97,66,84
Wisconsin,63,80,0,66,75
New Jersey,100,81,0,64,87
California,75,65,91,64,76
Tennessee,49,61,0,63,64
Connecticut,88,87,0,63,88
Texas,60,64,76,63,76
Utah,69,67,0,62,72
Kansas,50,67,0,62,68
North Carolina,65,78,0,62,82
Minnesota,76,74,0,62,76
South Carolina,45,71,0,62,75
Maryland,76,75,0,61,89
New Hampshire,63,76,0,61,81
Washington,62,49,0,59,72
New Mexico,46,57,0,59,92
Rhode Island,58,83,0,59,81
Illinois,91,82,78,58,75
Ohio,84,100,0,58,74
Arizona,66,68,0,56,71
Hawaii,39,59,0,56,66
Indiana,68,80,0,56,84
Alabama,44,63,0,56,73
Oregon,53,44,0,53,62
Florida,61,67,90,53,76
Georgia,66,87,100,53,79
Virginia,59,66,0,52,72
Mississippi,39,51,0,48,60
Nevada,45,49,0,48,57
Michigan,62,74,0,47,73
Louisiana,37,57,0,45,59
Maine,48,45,0,45,55
Alaska,0,0,0,0,0
Delaware,74,90,0,0,85
Vermont,54,0,0,0,65
Wyoming,0,0,0,0,0

Top subregions for market analysis
Subregion,market research,marketing research,free market research,market report,market analysis
District of Columbia,97,78,0,100,100
Massachusetts,97,83,0,79,94
New Mexico,46,57,0,59,92
Maryland,76,75,0,61,89
Connecticut,88,87,0,63,88
New Jersey,100,81,0,64,87
Colorado,72,61,0,72,86
Delaware,74,90,0,0,85
Indiana,68,80,0,56,84
Pennsylvania,86,89,97,66,84
Montana,37,0,0,94,83
North Carolina,65,78,0,62,82
New York,93,80,96,79,81
Rhode Island,58,83,0,59,81
New Hampshire,63,76,0,61,81
Georgia,66,87,100,53,79
Texas,60,64,76,63,76
California,75,65,91,64,76
Florida,61,67,90,53,76
Minnesota,76,74,0,62,76
Nebraska,48,60,0,73,75
Illinois,91,82,78,58,75
Wisconsin,63,80,0,66,75
South Carolina,45,71,0,62,75
Ohio,84,100,0,58,74
Iowa,52,82,0,76,73
Alabama,44,63,0,56,73
Michigan,62,74,0,47,73
Virginia,59,66,0,52,72
Utah,69,67,0,62,72
Washington,62,49,0,59,72
Arizona,66,68,0,56,71
Idaho,47,49,0,81,69
Kansas,50,67,0,62,68
Oklahoma,40,52,0,97,67
Missouri,67,94,0,75,66
Arkansas,47,61,0,84,66
Hawaii,39,59,0,56,66
Vermont,54,0,0,0,65
Tennessee,49,61,0,63,64
Oregon,53,44,0,53,62
Mississippi,39,51,0,48,60
Louisiana,37,57,0,45,59
Nevada,45,49,0,48,57
West Virginia,36,59,0,67,55
Maine,48,45,0,45,55
Kentucky,47,61,0,70,55
Alaska,0,0,0,0,0
North Dakota,36,0,0,81,0
South Dakota,41,0,0,96,0
Wyoming,0,0,0,0,0


Top metros for market research
Metro,market research,marketing research,free market research,market report,market analysis
Cincinnati OH,100,100,0,0,0
New York NY,88,49,0,84,93
Boston MA-Manchester NH,84,52,0,82,100
Chicago IL,83,49,0,56,75
Philadelphia PA,82,56,0,64,90
Austin TX,81,37,0,61,81
San Francisco-Oakland-San Jose CA,71,34,0,68,80
Syracuse NY,71,0,0,0,0
Minneapolis-St. Paul MN,69,44,0,67,71
Rochester NY,68,0,0,0,0
Milwaukee WI,65,51,0,0,0
Washington DC (Hagerstown MD),64,40,0,68,85
Atlanta GA,62,57,0,50,81
Salt Lake City UT,62,42,0,63,70
Columbus OH,62,41,0,61,70
Denver CO,62,33,0,77,83
Hartford & New Haven CT,62,49,0,0,99
St. Louis MO,61,58,0,67,60
Pittsburgh PA,60,52,0,68,84
Los Angeles CA,60,41,0,58,64
Baltimore MD,59,41,0,68,83
Raleigh-Durham (Fayetteville) NC,58,50,0,71,91
San Diego CA,58,42,0,55,82
Charlotte NC,58,45,0,57,55
Greensboro-High Point-Winston Salem NC,56,0,0,0,0
Seattle-Tacoma WA,55,31,0,55,71
Phoenix AZ,54,42,0,63,73
Dallas-Ft. Worth TX,54,38,0,60,67
Miami-Ft. Lauderdale FL,53,39,0,48,79
Indianapolis IN,53,51,0,0,84
Kansas City MO,51,45,0,63,68
Richmond-Petersburg VA,51,0,0,0,0
Cleveland-Akron (Canton) OH,51,45,0,61,77
Grand Rapids-Kalamazoo-Battle Creek MI,50,58,0,0,0
Detroit MI,49,42,0,46,66
Portland OR,48,29,0,56,58
Louisville KY,47,0,0,0,0
Tampa-St. Petersburg (Sarasota) FL,46,39,0,54,82
Orlando-Daytona Beach-Melbourne FL,44,36,0,52,62
Las Vegas NV,44,0,0,0,0
Norfolk-Portsmouth-Newport News VA,44,0,0,0,0
Providence RI-New Bedford MA,43,0,0,0,0
Nashville TN,41,0,0,62,0
Sacramento-Stockton-Modesto CA,40,26,0,57,55
Houston TX,40,33,0,62,71
West Palm Beach-Ft. Pierce FL,38,0,0,0,0
Oklahoma City OK,37,0,0,100,0
San Antonio TX,32,0,0,0,0
Portland-Auburn ME,0,0,0,0,0
Binghamton NY,0,0,0,0,0
Macon GA,0,0,0,0,0
Savannah GA,0,0,0,0,0
Ft. Wayne IN,0,0,0,0,0
Flint-Saginaw-Bay City MI,0,0,0,0,0
Buffalo NY,0,0,0,0,0
Erie PA,0,0,0,0,0
Charleston SC,0,0,0,0,0
Augusta GA,0,0,0,0,0
Columbus GA,0,0,0,0,0
Burlington VT-Plattsburgh NY,0,0,0,0,0
Albany GA,0,0,0,0,0
Utica NY,0,0,0,0,0
Tallahassee FL-Thomasville GA,0,0,0,0,0
Tri-Cities TN-VA,0,0,0,0,0
Albany-Schenectady-Troy NY,0,0,0,0,0
Youngstown OH,0,0,0,0,0
Bangor ME,0,0,0,0,0
Traverse City-Cadillac MI,0,0,0,0,0
Lexington KY,0,0,0,0,0
Dayton OH,0,0,0,0,0
Springfield-Holyoke MA,0,0,0,0,0
Greenville-New Bern-Washington NC,0,0,0,0,0
Columbia SC,0,0,0,0,0
Toledo OH,0,0,0,0,0
Watertown NY,0,0,0,0,0
Wilmington NC,0,0,0,0,0
Lansing MI,0,0,0,0,0
Presque Isle ME,0,0,0,0,0
Marquette MI,0,0,0,0,0
Wheeling WV-Steubenville OH,0,0,0,0,0
Knoxville TN,0,0,0,0,0
Lima OH,0,0,0,0,0
Bluefield-Beckley-Oak Hill WV,0,0,0,0,0
Jacksonville FL,0,0,0,0,0
Charleston-Huntington WV,0,0,0,0,0
Elmira NY,0,0,0,0,0
Harrisburg-Lancaster-Lebanon-York PA,0,0,0,0,0
Greenville-Spartanburg SC-Asheville NC-Anderson SC,0,0,0,0,0
Harrisonburg VA,0,0,0,0,0
Florence-Myrtle Beach SC,0,0,0,0,0
Ft. Myers-Naples FL,0,0,0,0,0
Roanoke-Lynchburg VA,0,0,0,0,0
Johnstown-Altoona PA,0,0,0,0,0
Chattanooga TN,0,0,0,0,0
Salisbury MD,0,0,0,0,0
Wilkes Barre-Scranton PA,0,0,0,0,0
Terre Haute IN,0,0,0,0,0
Lafayette IN,0,0,0,0,0
Alpena MI,0,0,0,0,0
Charlottesville VA,0,0,0,0,0
South Bend-Elkhart IN,0,0,0,0,0
Gainesville FL,0,0,0,0,0
Zanesville OH,0,0,0,0,0
Parkersburg WV,0,0,0,0,0
Clarksburg-Weston WV,0,0,0,0,0
Corpus Christi TX,0,0,0,0,0
Joplin MO-Pittsburg KS,0,0,0,0,0
Columbia-Jefferson City MO,0,0,0,0,0
Topeka KS,0,0,0,0,0
Dothan AL,0,0,0,0,0
Rockford IL,0,0,0,0,0
Rochester MN-Mason City IA-Austin MN,0,0,0,0,0
Shreveport LA,0,0,0,0,0
Springfield MO,0,0,0,0,0
New Orleans LA,0,0,0,0,0
Sioux City IA,0,0,0,0,0
Waco-Temple-Bryan TX,0,0,0,0,0
Victoria TX,0,0,0,0,0
Wichita Falls TX & Lawton OK,0,0,0,0,0
Monroe LA-El Dorado AR,0,0,0,0,0
Birmingham AL,0,0,0,0,0
Ottumwa IA-Kirksville MO,0,0,0,0,0
Paducah KY-Cape Girardeau MO-Harrisburg-Mount Vernon IL,0,0,0,0,0
Odessa-Midland TX,0,0,0,0,0
Amarillo TX,0,0,0,0,0
Harlingen-Weslaco-Brownsville-McAllen TX,0,0,0,0,0
Cedar Rapids-Waterloo-Iowa City & Dubuque IA,0,0,0,0,0
St. Joseph MO,0,0,0,0,0
Jackson TN,0,0,0,0,0
Memphis TN,0,0,0,0,0
Lafayette LA,0,0,0,0,0
Lake Charles LA,0,0,0,0,0
Alexandria LA,0,0,0,0,0
Greenwood-Greenville MS,0,0,0,0,0
Champaign & Springfield-Decatur IL,0,0,0,0,0
Evansville IN,0,0,0,0,0
Lubbock TX,0,0,0,0,0
Omaha NE,0,0,0,0,0
Panama City FL,0,0,0,0,0
Sherman TX-Ada OK,0,0,0,0,0
Green Bay-Appleton WI,0,0,0,0,0
San Angelo TX,0,0,0,0,0
Abilene-Sweetwater TX,0,0,0,0,0
Madison WI,0,0,0,0,0
Ft. Smith-Fayetteville-Springdale-Rogers AR,0,0,0,0,0
Tulsa OK,0,0,0,0,0
Columbus-Tupelo-West Point MS,0,0,0,0,0
Peoria-Bloomington IL,0,0,0,0,0
Duluth MN-Superior WI,0,0,0,0,0
Wichita-Hutchinson KS,0,0,0,0,0
Des Moines-Ames IA,0,0,0,0,0
Davenport IA-Rock Island-Moline IL,0,0,0,0,0
Mobile AL-Pensacola (Ft. Walton Beach) FL,0,0,0,0,0
Minot-Bismarck-Dickinson(Williston) ND,0,0,0,0,0
Huntsville-Decatur (Florence) AL,0,0,0,0,0
Beaumont-Port Arthur TX,0,0,0,0,0
Little Rock-Pine Bluff AR,0,0,0,0,0
Montgomery (Selma) AL,0,0,0,0,0
La Crosse-Eau Claire WI,0,0,0,0,0
Wausau-Rhinelander WI,0,0,0,0,0
Tyler-Longview(Lufkin & Nacogdoches) TX,0,0,0,0,0
Hattiesburg-Laurel MS,0,0,0,0,0
Meridian MS,0,0,0,0,0
Baton Rouge LA,0,0,0,0,0
Quincy IL-Hannibal MO-Keokuk IA,0,0,0,0,0
Jackson MS,0,0,0,0,0
Lincoln & Hastings-Kearney NE,0,0,0,0,0
Fargo-Valley City ND,0,0,0,0,0
Sioux Falls(Mitchell) SD,0,0,0,0,0
Jonesboro AR,0,0,0,0,0
Bowling Green KY,0,0,0,0,0
Mankato MN,0,0,0,0,0
North Platte NE,0,0,0,0,0
Anchorage AK,0,0,0,0,0
Honolulu HI,0,0,0,0,0
Fairbanks AK,0,0,0,0,0
Biloxi-Gulfport MS,0,0,0,0,0
Juneau AK,0,0,0,0,0
Laredo TX,0,0,0,0,0
Colorado Springs-Pueblo CO,0,0,0,0,0
Butte-Bozeman MT,0,0,0,0,0
Great Falls MT,0,0,0,0,0
Billings MT,0,0,0,0,0
Boise ID,0,0,0,0,0
Idaho Falls-Pocatello ID,0,0,0,0,0
Cheyenne WY-Scottsbluff NE,0,0,0,0,0
Twin Falls ID,0,0,0,0,0
Missoula MT,0,0,0,0,0
Rapid City SD,0,0,0,0,0
El Paso TX,0,0,0,0,0
Helena MT,0,0,0,0,0
Casper-Riverton WY,0,0,0,0,0
Yuma AZ-El Centro CA,0,0,0,0,0
Grand Junction-Montrose CO,0,0,0,0,0
Tucson (Sierra Vista) AZ,0,0,0,0,0
Albuquerque-Santa Fe NM,0,0,0,0,0
Glendive MT,0,0,0,0,0
Bakersfield CA,0,0,0,0,0
Eugene OR,0,0,0,0,0
Eureka CA,0,0,0,0,0
Palm Springs CA,0,0,0,0,0
Yakima-Pasco-Richland-Kennewick WA,0,0,0,0,0
Reno NV,0,0,0,0,0
Medford-Klamath Falls OR,0,0,0,0,0
Bend OR,0,0,0,0,0
Monterey-Salinas CA,0,0,0,0,0
Santa Barbara-Santa Maria-San Luis Obispo CA,0,0,0,0,0
Fresno-Visalia CA,0,0,0,0,0
Chico-Redding CA,0,0,0,0,0
Spokane WA,0,0,0,0,0

Top metros for marketing research
Metro,market research,marketing research,free market research,market report,market analysis
Cincinnati OH,100,100,0,0,0
St. Louis MO,61,58,0,67,60
Grand Rapids-Kalamazoo-Battle Creek MI,50,58,0,0,0
Atlanta GA,62,57,0,50,81
Philadelphia PA,82,56,0,64,90
Boston MA-Manchester NH,84,52,0,82,100
Pittsburgh PA,60,52,0,68,84
Indianapolis IN,53,51,0,0,84
Milwaukee WI,65,51,0,0,0
Raleigh-Durham (Fayetteville) NC,58,50,0,71,91
New York NY,88,49,0,84,93
Chicago IL,83,49,0,56,75
Hartford & New Haven CT,62,49,0,0,99
Kansas City MO,51,45,0,63,68
Cleveland-Akron (Canton) OH,51,45,0,61,77
Charlotte NC,58,45,0,57,55
Minneapolis-St. Paul MN,69,44,0,67,71
Salt Lake City UT,62,42,0,63,70
Detroit MI,49,42,0,46,66
Phoenix AZ,54,42,0,63,73
San Diego CA,58,42,0,55,82
Los Angeles CA,60,41,0,58,64
Baltimore MD,59,41,0,68,83
Columbus OH,62,41,0,61,70
Washington DC (Hagerstown MD),64,40,0,68,85
Tampa-St. Petersburg (Sarasota) FL,46,39,0,54,82
Miami-Ft. Lauderdale FL,53,39,0,48,79
Dallas-Ft. Worth TX,54,38,0,60,67
Austin TX,81,37,0,61,81
Orlando-Daytona Beach-Melbourne FL,44,36,0,52,62
San Francisco-Oakland-San Jose CA,71,34,0,68,80
Houston TX,40,33,0,62,71
Denver CO,62,33,0,77,83
Seattle-Tacoma WA,55,31,0,55,71
Portland OR,48,29,0,56,58
Sacramento-Stockton-Modesto CA,40,26,0,57,55
Portland-Auburn ME,0,0,0,0,0
Binghamton NY,0,0,0,0,0
Macon GA,0,0,0,0,0
Savannah GA,0,0,0,0,0
Ft. Wayne IN,0,0,0,0,0
Flint-Saginaw-Bay City MI,0,0,0,0,0
Buffalo NY,0,0,0,0,0
Erie PA,0,0,0,0,0
Greensboro-High Point-Winston Salem NC,56,0,0,0,0
Charleston SC,0,0,0,0,0
Augusta GA,0,0,0,0,0
Providence RI-New Bedford MA,43,0,0,0,0
Columbus GA,0,0,0,0,0
Burlington VT-Plattsburgh NY,0,0,0,0,0
Albany GA,0,0,0,0,0
Utica NY,0,0,0,0,0
Louisville KY,47,0,0,0,0
Tallahassee FL-Thomasville GA,0,0,0,0,0
Tri-Cities TN-VA,0,0,0,0,0
Albany-Schenectady-Troy NY,0,0,0,0,0
Youngstown OH,0,0,0,0,0
Bangor ME,0,0,0,0,0
Rochester NY,68,0,0,0,0
Traverse City-Cadillac MI,0,0,0,0,0
Lexington KY,0,0,0,0,0
Dayton OH,0,0,0,0,0
Springfield-Holyoke MA,0,0,0,0,0
Norfolk-Portsmouth-Newport News VA,44,0,0,0,0
Greenville-New Bern-Washington NC,0,0,0,0,0
Columbia SC,0,0,0,0,0
Toledo OH,0,0,0,0,0
West Palm Beach-Ft. Pierce FL,38,0,0,0,0
Watertown NY,0,0,0,0,0
Wilmington NC,0,0,0,0,0
Lansing MI,0,0,0,0,0
Presque Isle ME,0,0,0,0,0
Marquette MI,0,0,0,0,0
Wheeling WV-Steubenville OH,0,0,0,0,0
Syracuse NY,71,0,0,0,0
Richmond-Petersburg VA,51,0,0,0,0
Knoxville TN,0,0,0,0,0
Lima OH,0,0,0,0,0
Bluefield-Beckley-Oak Hill WV,0,0,0,0,0
Jacksonville FL,0,0,0,0,0
Charleston-Huntington WV,0,0,0,0,0
Elmira NY,0,0,0,0,0
Harrisburg-Lancaster-Lebanon-York PA,0,0,0,0,0
Greenville-Spartanburg SC-Asheville NC-Anderson SC,0,0,0,0,0
Harrisonburg VA,0,0,0,0,0
Florence-Myrtle Beach SC,0,0,0,0,0
Ft. Myers-Naples FL,0,0,0,0,0
Roanoke-Lynchburg VA,0,0,0,0,0
Johnstown-Altoona PA,0,0,0,0,0
Chattanooga TN,0,0,0,0,0
Salisbury MD,0,0,0,0,0
Wilkes Barre-Scranton PA,0,0,0,0,0
Terre Haute IN,0,0,0,0,0
Lafayette IN,0,0,0,0,0
Alpena MI,0,0,0,0,0
Charlottesville VA,0,0,0,0,0
South Bend-Elkhart IN,0,0,0,0,0
Gainesville FL,0,0,0,0,0
Zanesville OH,0,0,0,0,0
Parkersburg WV,0,0,0,0,0
Clarksburg-Weston WV,0,0,0,0,0
Corpus Christi TX,0,0,0,0,0
Joplin MO-Pittsburg KS,0,0,0,0,0
Columbia-Jefferson City MO,0,0,0,0,0
Topeka KS,0,0,0,0,0
Dothan AL,0,0,0,0,0
Rockford IL,0,0,0,0,0
Rochester MN-Mason City IA-Austin MN,0,0,0,0,0
Shreveport LA,0,0,0,0,0
Springfield MO,0,0,0,0,0
New Orleans LA,0,0,0,0,0
Sioux City IA,0,0,0,0,0
Waco-Temple-Bryan TX,0,0,0,0,0
Victoria TX,0,0,0,0,0
Wichita Falls TX & Lawton OK,0,0,0,0,0
Monroe LA-El Dorado AR,0,0,0,0,0
Birmingham AL,0,0,0,0,0
Ottumwa IA-Kirksville MO,0,0,0,0,0
Paducah KY-Cape Girardeau MO-Harrisburg-Mount Vernon IL,0,0,0,0,0
Odessa-Midland TX,0,0,0,0,0
Amarillo TX,0,0,0,0,0
Harlingen-Weslaco-Brownsville-McAllen TX,0,0,0,0,0
Cedar Rapids-Waterloo-Iowa City & Dubuque IA,0,0,0,0,0
St. Joseph MO,0,0,0,0,0
Jackson TN,0,0,0,0,0
Memphis TN,0,0,0,0,0
San Antonio TX,32,0,0,0,0
Lafayette LA,0,0,0,0,0
Lake Charles LA,0,0,0,0,0
Alexandria LA,0,0,0,0,0
Greenwood-Greenville MS,0,0,0,0,0
Champaign & Springfield-Decatur IL,0,0,0,0,0
Evansville IN,0,0,0,0,0
Oklahoma City OK,37,0,0,100,0
Lubbock TX,0,0,0,0,0
Omaha NE,0,0,0,0,0
Panama City FL,0,0,0,0,0
Sherman TX-Ada OK,0,0,0,0,0
Green Bay-Appleton WI,0,0,0,0,0
Nashville TN,41,0,0,62,0
San Angelo TX,0,0,0,0,0
Abilene-Sweetwater TX,0,0,0,0,0
Madison WI,0,0,0,0,0
Ft. Smith-Fayetteville-Springdale-Rogers AR,0,0,0,0,0
Tulsa OK,0,0,0,0,0
Columbus-Tupelo-West Point MS,0,0,0,0,0
Peoria-Bloomington IL,0,0,0,0,0
Duluth MN-Superior WI,0,0,0,0,0
Wichita-Hutchinson KS,0,0,0,0,0
Des Moines-Ames IA,0,0,0,0,0
Davenport IA-Rock Island-Moline IL,0,0,0,0,0
Mobile AL-Pensacola (Ft. Walton Beach) FL,0,0,0,0,0
Minot-Bismarck-Dickinson(Williston) ND,0,0,0,0,0
Huntsville-Decatur (Florence) AL,0,0,0,0,0
Beaumont-Port Arthur TX,0,0,0,0,0
Little Rock-Pine Bluff AR,0,0,0,0,0
Montgomery (Selma) AL,0,0,0,0,0
La Crosse-Eau Claire WI,0,0,0,0,0
Wausau-Rhinelander WI,0,0,0,0,0
Tyler-Longview(Lufkin & Nacogdoches) TX,0,0,0,0,0
Hattiesburg-Laurel MS,0,0,0,0,0
Meridian MS,0,0,0,0,0
Baton Rouge LA,0,0,0,0,0
Quincy IL-Hannibal MO-Keokuk IA,0,0,0,0,0
Jackson MS,0,0,0,0,0
Lincoln & Hastings-Kearney NE,0,0,0,0,0
Fargo-Valley City ND,0,0,0,0,0
Sioux Falls(Mitchell) SD,0,0,0,0,0
Jonesboro AR,0,0,0,0,0
Bowling Green KY,0,0,0,0,0
Mankato MN,0,0,0,0,0
North Platte NE,0,0,0,0,0
Anchorage AK,0,0,0,0,0
Honolulu HI,0,0,0,0,0
Fairbanks AK,0,0,0,0,0
Biloxi-Gulfport MS,0,0,0,0,0
Juneau AK,0,0,0,0,0
Laredo TX,0,0,0,0,0
Colorado Springs-Pueblo CO,0,0,0,0,0
Butte-Bozeman MT,0,0,0,0,0
Great Falls MT,0,0,0,0,0
Billings MT,0,0,0,0,0
Boise ID,0,0,0,0,0
Idaho Falls-Pocatello ID,0,0,0,0,0
Cheyenne WY-Scottsbluff NE,0,0,0,0,0
Twin Falls ID,0,0,0,0,0
Missoula MT,0,0,0,0,0
Rapid City SD,0,0,0,0,0
El Paso TX,0,0,0,0,0
Helena MT,0,0,0,0,0
Casper-Riverton WY,0,0,0,0,0
Yuma AZ-El Centro CA,0,0,0,0,0
Grand Junction-Montrose CO,0,0,0,0,0
Tucson (Sierra Vista) AZ,0,0,0,0,0
Albuquerque-Santa Fe NM,0,0,0,0,0
Glendive MT,0,0,0,0,0
Bakersfield CA,0,0,0,0,0
Eugene OR,0,0,0,0,0
Eureka CA,0,0,0,0,0
Palm Springs CA,0,0,0,0,0
Yakima-Pasco-Richland-Kennewick WA,0,0,0,0,0
Reno NV,0,0,0,0,0
Medford-Klamath Falls OR,0,0,0,0,0
Bend OR,0,0,0,0,0
Monterey-Salinas CA,0,0,0,0,0
Las Vegas NV,44,0,0,0,0
Santa Barbara-Santa Maria-San Luis Obispo CA,0,0,0,0,0
Fresno-Visalia CA,0,0,0,0,0
Chico-Redding CA,0,0,0,0,0
Spokane WA,0,0,0,0,0

Top metros for free market research
Metro,market research,marketing research,free market research,market report,market analysis
Portland-Auburn ME,0,0,0,0,0
New York NY,88,49,0,84,93
Binghamton NY,0,0,0,0,0
Macon GA,0,0,0,0,0
Philadelphia PA,82,56,0,64,90
Detroit MI,49,42,0,46,66
Boston MA-Manchester NH,84,52,0,82,100
Savannah GA,0,0,0,0,0
Pittsburgh PA,60,52,0,68,84
Ft. Wayne IN,0,0,0,0,0
Cleveland-Akron (Canton) OH,51,45,0,61,77
Washington DC (Hagerstown MD),64,40,0,68,85
Baltimore MD,59,41,0,68,83
Flint-Saginaw-Bay City MI,0,0,0,0,0
Buffalo NY,0,0,0,0,0
Cincinnati OH,100,100,0,0,0
Erie PA,0,0,0,0,0
Charlotte NC,58,45,0,57,55
Greensboro-High Point-Winston Salem NC,56,0,0,0,0
Charleston SC,0,0,0,0,0
Augusta GA,0,0,0,0,0
Providence RI-New Bedford MA,43,0,0,0,0
Columbus GA,0,0,0,0,0
Burlington VT-Plattsburgh NY,0,0,0,0,0
Atlanta GA,62,57,0,50,81
Albany GA,0,0,0,0,0
Utica NY,0,0,0,0,0
Indianapolis IN,53,51,0,0,84
Miami-Ft. Lauderdale FL,53,39,0,48,79
Louisville KY,47,0,0,0,0
Tallahassee FL-Thomasville GA,0,0,0,0,0
Tri-Cities TN-VA,0,0,0,0,0
Albany-Schenectady-Troy NY,0,0,0,0,0
Hartford & New Haven CT,62,49,0,0,99
Orlando-Daytona Beach-Melbourne FL,44,36,0,52,62
Columbus OH,62,41,0,61,70
Youngstown OH,0,0,0,0,0
Bangor ME,0,0,0,0,0
Rochester NY,68,0,0,0,0
Tampa-St. Petersburg (Sarasota) FL,46,39,0,54,82
Traverse City-Cadillac MI,0,0,0,0,0
Lexington KY,0,0,0,0,0
Dayton OH,0,0,0,0,0
Springfield-Holyoke MA,0,0,0,0,0
Norfolk-Portsmouth-Newport News VA,44,0,0,0,0
Greenville-New Bern-Washington NC,0,0,0,0,0
Columbia SC,0,0,0,0,0
Toledo OH,0,0,0,0,0
West Palm Beach-Ft. Pierce FL,38,0,0,0,0
Watertown NY,0,0,0,0,0
Wilmington NC,0,0,0,0,0
Lansing MI,0,0,0,0,0
Presque Isle ME,0,0,0,0,0
Marquette MI,0,0,0,0,0
Wheeling WV-Steubenville OH,0,0,0,0,0
Syracuse NY,71,0,0,0,0
Richmond-Petersburg VA,51,0,0,0,0
Knoxville TN,0,0,0,0,0
Lima OH,0,0,0,0,0
Bluefield-Beckley-Oak Hill WV,0,0,0,0,0
Raleigh-Durham (Fayetteville) NC,58,50,0,71,91
Jacksonville FL,0,0,0,0,0
Grand Rapids-Kalamazoo-Battle Creek MI,50,58,0,0,0
Charleston-Huntington WV,0,0,0,0,0
Elmira NY,0,0,0,0,0
Harrisburg-Lancaster-Lebanon-York PA,0,0,0,0,0
Greenville-Spartanburg SC-Asheville NC-Anderson SC,0,0,0,0,0
Harrisonburg VA,0,0,0,0,0
Florence-Myrtle Beach SC,0,0,0,0,0
Ft. Myers-Naples FL,0,0,0,0,0
Roanoke-Lynchburg VA,0,0,0,0,0
Johnstown-Altoona PA,0,0,0,0,0
Chattanooga TN,0,0,0,0,0
Salisbury MD,0,0,0,0,0
Wilkes Barre-Scranton PA,0,0,0,0,0
Terre Haute IN,0,0,0,0,0
Lafayette IN,0,0,0,0,0
Alpena MI,0,0,0,0,0
Charlottesville VA,0,0,0,0,0
South Bend-Elkhart IN,0,0,0,0,0
Gainesville FL,0,0,0,0,0
Zanesville OH,0,0,0,0,0
Parkersburg WV,0,0,0,0,0
Clarksburg-Weston WV,0,0,0,0,0
Corpus Christi TX,0,0,0,0,0
Chicago IL,83,49,0,56,75
Joplin MO-Pittsburg KS,0,0,0,0,0
Columbia-Jefferson City MO,0,0,0,0,0
Topeka KS,0,0,0,0,0
Dothan AL,0,0,0,0,0
St. Louis MO,61,58,0,67,60
Rockford IL,0,0,0,0,0
Rochester MN-Mason City IA-Austin MN,0,0,0,0,0
Shreveport LA,0,0,0,0,0
Minneapolis-St. Paul MN,69,44,0,67,71
Kansas City MO,51,45,0,63,68
Milwaukee WI,65,51,0,0,0
Houston TX,40,33,0,62,71
Springfield MO,0,0,0,0,0
New Orleans LA,0,0,0,0,0
Dallas-Ft. Worth TX,54,38,0,60,67
Sioux City IA,0,0,0,0,0
Waco-Temple-Bryan TX,0,0,0,0,0
Victoria TX,0,0,0,0,0
Wichita Falls TX & Lawton OK,0,0,0,0,0
Monroe LA-El Dorado AR,0,0,0,0,0
Birmingham AL,0,0,0,0,0
Ottumwa IA-Kirksville MO,0,0,0,0,0
Paducah KY-Cape Girardeau MO-Harrisburg-Mount Vernon IL,0,0,0,0,0
Odessa-Midland TX,0,0,0,0,0
Amarillo TX,0,0,0,0,0
Austin TX,81,37,0,61,81
Harlingen-Weslaco-Brownsville-McAllen TX,0,0,0,0,0
Cedar Rapids-Waterloo-Iowa City & Dubuque IA,0,0,0,0,0
St. Joseph MO,0,0,0,0,0
Jackson TN,0,0,0,0,0
Memphis TN,0,0,0,0,0
San Antonio TX,32,0,0,0,0
Lafayette LA,0,0,0,0,0
Lake Charles LA,0,0,0,0,0
Alexandria LA,0,0,0,0,0
Greenwood-Greenville MS,0,0,0,0,0
Champaign & Springfield-Decatur IL,0,0,0,0,0
Evansville IN,0,0,0,0,0
Oklahoma City OK,37,0,0,100,0
Lubbock TX,0,0,0,0,0
Omaha NE,0,0,0,0,0
Panama City FL,0,0,0,0,0
Sherman TX-Ada OK,0,0,0,0,0
Green Bay-Appleton WI,0,0,0,0,0
Nashville TN,41,0,0,62,0
San Angelo TX,0,0,0,0,0
Abilene-Sweetwater TX,0,0,0,0,0
Madison WI,0,0,0,0,0
Ft. Smith-Fayetteville-Springdale-Rogers AR,0,0,0,0,0
Tulsa OK,0,0,0,0,0
Columbus-Tupelo-West Point MS,0,0,0,0,0
Peoria-Bloomington IL,0,0,0,0,0
Duluth MN-Superior WI,0,0,0,0,0
Wichita-Hutchinson KS,0,0,0,0,0
Des Moines-Ames IA,0,0,0,0,0
Davenport IA-Rock Island-Moline IL,0,0,0,0,0
Mobile AL-Pensacola (Ft. Walton Beach) FL,0,0,0,0,0
Minot-Bismarck-Dickinson(Williston) ND,0,0,0,0,0
Huntsville-Decatur (Florence) AL,0,0,0,0,0
Beaumont-Port Arthur TX,0,0,0,0,0
Little Rock-Pine Bluff AR,0,0,0,0,0
Montgomery (Selma) AL,0,0,0,0,0
La Crosse-Eau Claire WI,0,0,0,0,0
Wausau-Rhinelander WI,0,0,0,0,0
Tyler-Longview(Lufkin & Nacogdoches) TX,0,0,0,0,0
Hattiesburg-Laurel MS,0,0,0,0,0
Meridian MS,0,0,0,0,0
Baton Rouge LA,0,0,0,0,0
Quincy IL-Hannibal MO-Keokuk IA,0,0,0,0,0
Jackson MS,0,0,0,0,0
Lincoln & Hastings-Kearney NE,0,0,0,0,0
Fargo-Valley City ND,0,0,0,0,0
Sioux Falls(Mitchell) SD,0,0,0,0,0
Jonesboro AR,0,0,0,0,0
Bowling Green KY,0,0,0,0,0
Mankato MN,0,0,0,0,0
North Platte NE,0,0,0,0,0
Anchorage AK,0,0,0,0,0
Honolulu HI,0,0,0,0,0
Fairbanks AK,0,0,0,0,0
Biloxi-Gulfport MS,0,0,0,0,0
Juneau AK,0,0,0,0,0
Laredo TX,0,0,0,0,0
Denver CO,62,33,0,77,83
Colorado Springs-Pueblo CO,0,0,0,0,0
Phoenix AZ,54,42,0,63,73
Butte-Bozeman MT,0,0,0,0,0
Great Falls MT,0,0,0,0,0
Billings MT,0,0,0,0,0
Boise ID,0,0,0,0,0
Idaho Falls-Pocatello ID,0,0,0,0,0
Cheyenne WY-Scottsbluff NE,0,0,0,0,0
Twin Falls ID,0,0,0,0,0
Missoula MT,0,0,0,0,0
Rapid City SD,0,0,0,0,0
El Paso TX,0,0,0,0,0
Helena MT,0,0,0,0,0
Casper-Riverton WY,0,0,0,0,0
Salt Lake City UT,62,42,0,63,70
Yuma AZ-El Centro CA,0,0,0,0,0
Grand Junction-Montrose CO,0,0,0,0,0
Tucson (Sierra Vista) AZ,0,0,0,0,0
Albuquerque-Santa Fe NM,0,0,0,0,0
Glendive MT,0,0,0,0,0
Bakersfield CA,0,0,0,0,0
Eugene OR,0,0,0,0,0
Eureka CA,0,0,0,0,0
Los Angeles CA,60,41,0,58,64
Palm Springs CA,0,0,0,0,0
San Francisco-Oakland-San Jose CA,71,34,0,68,80
Yakima-Pasco-Richland-Kennewick WA,0,0,0,0,0
Reno NV,0,0,0,0,0
Medford-Klamath Falls OR,0,0,0,0,0
Seattle-Tacoma WA,55,31,0,55,71
Portland OR,48,29,0,56,58
Bend OR,0,0,0,0,0
San Diego CA,58,42,0,55,82
Monterey-Salinas CA,0,0,0,0,0
Las Vegas NV,44,0,0,0,0
Santa Barbara-Santa Maria-San Luis Obispo CA,0,0,0,0,0
Sacramento-Stockton-Modesto CA,40,26,0,57,55
Fresno-Visalia CA,0,0,0,0,0
Chico-Redding CA,0,0,0,0,0
Spokane WA,0,0,0,0,0

Top metros for market report
Metro,market research,marketing research,free market research,market report,market analysis
Oklahoma City OK,37,0,0,100,0
New York NY,88,49,0,84,93
Boston MA-Manchester NH,84,52,0,82,100
Denver CO,62,33,0,77,83
Raleigh-Durham (Fayetteville) NC,58,50,0,71,91
Baltimore MD,59,41,0,68,83
Pittsburgh PA,60,52,0,68,84
San Francisco-Oakland-San Jose CA,71,34,0,68,80
Washington DC (Hagerstown MD),64,40,0,68,85
St. Louis MO,61,58,0,67,60
Minneapolis-St. Paul MN,69,44,0,67,71
Philadelphia PA,82,56,0,64,90
Phoenix AZ,54,42,0,63,73
Kansas City MO,51,45,0,63,68
Salt Lake City UT,62,42,0,63,70
Houston TX,40,33,0,62,71
Nashville TN,41,0,0,62,0
Austin TX,81,37,0,61,81
Cleveland-Akron (Canton) OH,51,45,0,61,77
Columbus OH,62,41,0,61,70
Dallas-Ft. Worth TX,54,38,0,60,67
Los Angeles CA,60,41,0,58,64
Charlotte NC,58,45,0,57,55
Sacramento-Stockton-Modesto CA,40,26,0,57,55
Portland OR,48,29,0,56,58
Chicago IL,83,49,0,56,75
San Diego CA,58,42,0,55,82
Seattle-Tacoma WA,55,31,0,55,71
Tampa-St. Petersburg (Sarasota) FL,46,39,0,54,82
Orlando-Daytona Beach-Melbourne FL,44,36,0,52,62
Atlanta GA,62,57,0,50,81
Miami-Ft. Lauderdale FL,53,39,0,48,79
Detroit MI,49,42,0,46,66
Portland-Auburn ME,0,0,0,0,0
Binghamton NY,0,0,0,0,0
Macon GA,0,0,0,0,0
Savannah GA,0,0,0,0,0
Ft. Wayne IN,0,0,0,0,0
Flint-Saginaw-Bay City MI,0,0,0,0,0
Buffalo NY,0,0,0,0,0
Cincinnati OH,100,100,0,0,0
Erie PA,0,0,0,0,0
Greensboro-High Point-Winston Salem NC,56,0,0,0,0
Charleston SC,0,0,0,0,0
Augusta GA,0,0,0,0,0
Providence RI-New Bedford MA,43,0,0,0,0
Columbus GA,0,0,0,0,0
Burlington VT-Plattsburgh NY,0,0,0,0,0
Albany GA,0,0,0,0,0
Utica NY,0,0,0,0,0
Indianapolis IN,53,51,0,0,84
Louisville KY,47,0,0,0,0
Tallahassee FL-Thomasville GA,0,0,0,0,0
Tri-Cities TN-VA,0,0,0,0,0
Albany-Schenectady-Troy NY,0,0,0,0,0
Hartford & New Haven CT,62,49,0,0,99
Youngstown OH,0,0,0,0,0
Bangor ME,0,0,0,0,0
Rochester NY,68,0,0,0,0
Traverse City-Cadillac MI,0,0,0,0,0
Lexington KY,0,0,0,0,0
Dayton OH,0,0,0,0,0
Springfield-Holyoke MA,0,0,0,0,0
Norfolk-Portsmouth-Newport News VA,44,0,0,0,0
Greenville-New Bern-Washington NC,0,0,0,0,0
Columbia SC,0,0,0,0,0
Toledo OH,0,0,0,0,0
West Palm Beach-Ft. Pierce FL,38,0,0,0,0
Watertown NY,0,0,0,0,0
Wilmington NC,0,0,0,0,0
Lansing MI,0,0,0,0,0
Presque Isle ME,0,0,0,0,0
Marquette MI,0,0,0,0,0
Wheeling WV-Steubenville OH,0,0,0,0,0
Syracuse NY,71,0,0,0,0
Richmond-Petersburg VA,51,0,0,0,0
Knoxville TN,0,0,0,0,0
Lima OH,0,0,0,0,0
Bluefield-Beckley-Oak Hill WV,0,0,0,0,0
Jacksonville FL,0,0,0,0,0
Grand Rapids-Kalamazoo-Battle Creek MI,50,58,0,0,0
Charleston-Huntington WV,0,0,0,0,0
Elmira NY,0,0,0,0,0
Harrisburg-Lancaster-Lebanon-York PA,0,0,0,0,0
Greenville-Spartanburg SC-Asheville NC-Anderson SC,0,0,0,0,0
Harrisonburg VA,0,0,0,0,0
Florence-Myrtle Beach SC,0,0,0,0,0
Ft. Myers-Naples FL,0,0,0,0,0
Roanoke-Lynchburg VA,0,0,0,0,0
Johnstown-Altoona PA,0,0,0,0,0
Chattanooga TN,0,0,0,0,0
Salisbury MD,0,0,0,0,0
Wilkes Barre-Scranton PA,0,0,0,0,0
Terre Haute IN,0,0,0,0,0
Lafayette IN,0,0,0,0,0
Alpena MI,0,0,0,0,0
Charlottesville VA,0,0,0,0,0
South Bend-Elkhart IN,0,0,0,0,0
Gainesville FL,0,0,0,0,0
Zanesville OH,0,0,0,0,0
Parkersburg WV,0,0,0,0,0
Clarksburg-Weston WV,0,0,0,0,0
Corpus Christi TX,0,0,0,0,0
Joplin MO-Pittsburg KS,0,0,0,0,0
Columbia-Jefferson City MO,0,0,0,0,0
Topeka KS,0,0,0,0,0
Dothan AL,0,0,0,0,0
Rockford IL,0,0,0,0,0
Rochester MN-Mason City IA-Austin MN,0,0,0,0,0
Shreveport LA,0,0,0,0,0
Milwaukee WI,65,51,0,0,0
Springfield MO,0,0,0,0,0
New Orleans LA,0,0,0,0,0
Sioux City IA,0,0,0,0,0
Waco-Temple-Bryan TX,0,0,0,0,0
Victoria TX,0,0,0,0,0
Wichita Falls TX & Lawton OK,0,0,0,0,0
Monroe LA-El Dorado AR,0,0,0,0,0
Birmingham AL,0,0,0,0,0
Ottumwa IA-Kirksville MO,0,0,0,0,0
Paducah KY-Cape Girardeau MO-Harrisburg-Mount Vernon IL,0,0,0,0,0
Odessa-Midland TX,0,0,0,0,0
Amarillo TX,0,0,0,0,0
Harlingen-Weslaco-Brownsville-McAllen TX,0,0,0,0,0
Cedar Rapids-Waterloo-Iowa City & Dubuque IA,0,0,0,0,0
St. Joseph MO,0,0,0,0,0
Jackson TN,0,0,0,0,0
Memphis TN,0,0,0,0,0
San Antonio TX,32,0,0,0,0
Lafayette LA,0,0,0,0,0
Lake Charles LA,0,0,0,0,0
Alexandria LA,0,0,0,0,0
Greenwood-Greenville MS,0,0,0,0,0
Champaign & Springfield-Decatur IL,0,0,0,0,0
Evansville IN,0,0,0,0,0
Lubbock TX,0,0,0,0,0
Omaha NE,0,0,0,0,0
Panama City FL,0,0,0,0,0
Sherman TX-Ada OK,0,0,0,0,0
Green Bay-Appleton WI,0,0,0,0,0
San Angelo TX,0,0,0,0,0
Abilene-Sweetwater TX,0,0,0,0,0
Madison WI,0,0,0,0,0
Ft. Smith-Fayetteville-Springdale-Rogers AR,0,0,0,0,0
Tulsa OK,0,0,0,0,0
Columbus-Tupelo-West Point MS,0,0,0,0,0
Peoria-Bloomington IL,0,0,0,0,0
Duluth MN-Superior WI,0,0,0,0,0
Wichita-Hutchinson KS,0,0,0,0,0
Des Moines-Ames IA,0,0,0,0,0
Davenport IA-Rock Island-Moline IL,0,0,0,0,0
Mobile AL-Pensacola (Ft. Walton Beach) FL,0,0,0,0,0
Minot-Bismarck-Dickinson(Williston) ND,0,0,0,0,0
Huntsville-Decatur (Florence) AL,0,0,0,0,0
Beaumont-Port Arthur TX,0,0,0,0,0
Little Rock-Pine Bluff AR,0,0,0,0,0
Montgomery (Selma) AL,0,0,0,0,0
La Crosse-Eau Claire WI,0,0,0,0,0
Wausau-Rhinelander WI,0,0,0,0,0
Tyler-Longview(Lufkin & Nacogdoches) TX,0,0,0,0,0
Hattiesburg-Laurel MS,0,0,0,0,0
Meridian MS,0,0,0,0,0
Baton Rouge LA,0,0,0,0,0
Quincy IL-Hannibal MO-Keokuk IA,0,0,0,0,0
Jackson MS,0,0,0,0,0
Lincoln & Hastings-Kearney NE,0,0,0,0,0
Fargo-Valley City ND,0,0,0,0,0
Sioux Falls(Mitchell) SD,0,0,0,0,0
Jonesboro AR,0,0,0,0,0
Bowling Green KY,0,0,0,0,0
Mankato MN,0,0,0,0,0
North Platte NE,0,0,0,0,0
Anchorage AK,0,0,0,0,0
Honolulu HI,0,0,0,0,0
Fairbanks AK,0,0,0,0,0
Biloxi-Gulfport MS,0,0,0,0,0
Juneau AK,0,0,0,0,0
Laredo TX,0,0,0,0,0
Colorado Springs-Pueblo CO,0,0,0,0,0
Butte-Bozeman MT,0,0,0,0,0
Great Falls MT,0,0,0,0,0
Billings MT,0,0,0,0,0
Boise ID,0,0,0,0,0
Idaho Falls-Pocatello ID,0,0,0,0,0
Cheyenne WY-Scottsbluff NE,0,0,0,0,0
Twin Falls ID,0,0,0,0,0
Missoula MT,0,0,0,0,0
Rapid City SD,0,0,0,0,0
El Paso TX,0,0,0,0,0
Helena MT,0,0,0,0,0
Casper-Riverton WY,0,0,0,0,0
Yuma AZ-El Centro CA,0,0,0,0,0
Grand Junction-Montrose CO,0,0,0,0,0
Tucson (Sierra Vista) AZ,0,0,0,0,0
Albuquerque-Santa Fe NM,0,0,0,0,0
Glendive MT,0,0,0,0,0
Bakersfield CA,0,0,0,0,0
Eugene OR,0,0,0,0,0
Eureka CA,0,0,0,0,0
Palm Springs CA,0,0,0,0,0
Yakima-Pasco-Richland-Kennewick WA,0,0,0,0,0
Reno NV,0,0,0,0,0
Medford-Klamath Falls OR,0,0,0,0,0
Bend OR,0,0,0,0,0
Monterey-Salinas CA,0,0,0,0,0
Las Vegas NV,44,0,0,0,0
Santa Barbara-Santa Maria-San Luis Obispo CA,0,0,0,0,0
Fresno-Visalia CA,0,0,0,0,0
Chico-Redding CA,0,0,0,0,0
Spokane WA,0,0,0,0,0

Top metros for market analysis
Metro,market research,marketing research,free market research,market report,market analysis
Boston MA-Manchester NH,84,52,0,82,100
Hartford & New Haven CT,62,49,0,0,99
New York NY,88,49,0,84,93
Raleigh-Durham (Fayetteville) NC,58,50,0,71,91
Philadelphia PA,82,56,0,64,90
Washington DC (Hagerstown MD),64,40,0,68,85
Indianapolis IN,53,51,0,0,84
Pittsburgh PA,60,52,0,68,84
Denver CO,62,33,0,77,83
Baltimore MD,59,41,0,68,83
San Diego CA,58,42,0,55,82
Tampa-St. Petersburg (Sarasota) FL,46,39,0,54,82
Austin TX,81,37,0,61,81
Atlanta GA,62,57,0,50,81
San Francisco-Oakland-San Jose CA,71,34,0,68,80
Miami-Ft. Lauderdale FL,53,39,0,48,79
Cleveland-Akron (Canton) OH,51,45,0,61,77
Chicago IL,83,49,0,56,75
Phoenix AZ,54,42,0,63,73
Seattle-Tacoma WA,55,31,0,55,71
Minneapolis-St. Paul MN,69,44,0,67,71
Houston TX,40,33,0,62,71
Columbus OH,62,41,0,61,70
Salt Lake City UT,62,42,0,63,70
Kansas City MO,51,45,0,63,68
Dallas-Ft. Worth TX,54,38,0,60,67
Detroit MI,49,42,0,46,66
Los Angeles CA,60,41,0,58,64
Orlando-Daytona Beach-Melbourne FL,44,36,0,52,62
St. Louis MO,61,58,0,67,60
Portland OR,48,29,0,56,58
Charlotte NC,58,45,0,57,55
Sacramento-Stockton-Modesto CA,40,26,0,57,55
Portland-Auburn ME,0,0,0,0,0
Binghamton NY,0,0,0,0,0
Macon GA,0,0,0,0,0
Savannah GA,0,0,0,0,0
Ft. Wayne IN,0,0,0,0,0
Flint-Saginaw-Bay City MI,0,0,0,0,0
Buffalo NY,0,0,0,0,0
Cincinnati OH,100,100,0,0,0
Erie PA,0,0,0,0,0
Greensboro-High Point-Winston Salem NC,56,0,0,0,0
Charleston SC,0,0,0,0,0
Augusta GA,0,0,0,0,0
Providence RI-New Bedford MA,43,0,0,0,0
Columbus GA,0,0,0,0,0
Burlington VT-Plattsburgh NY,0,0,0,0,0
Albany GA,0,0,0,0,0
Utica NY,0,0,0,0,0
Louisville KY,47,0,0,0,0
Tallahassee FL-Thomasville GA,0,0,0,0,0
Tri-Cities TN-VA,0,0,0,0,0
Albany-Schenectady-Troy NY,0,0,0,0,0
Youngstown OH,0,0,0,0,0
Bangor ME,0,0,0,0,0
Rochester NY,68,0,0,0,0
Traverse City-Cadillac MI,0,0,0,0,0
Lexington KY,0,0,0,0,0
Dayton OH,0,0,0,0,0
Springfield-Holyoke MA,0,0,0,0,0
Norfolk-Portsmouth-Newport News VA,44,0,0,0,0
Greenville-New Bern-Washington NC,0,0,0,0,0
Columbia SC,0,0,0,0,0
Toledo OH,0,0,0,0,0
West Palm Beach-Ft. Pierce FL,38,0,0,0,0
Watertown NY,0,0,0,0,0
Wilmington NC,0,0,0,0,0
Lansing MI,0,0,0,0,0
Presque Isle ME,0,0,0,0,0
Marquette MI,0,0,0,0,0
Wheeling WV-Steubenville OH,0,0,0,0,0
Syracuse NY,71,0,0,0,0
Richmond-Petersburg VA,51,0,0,0,0
Knoxville TN,0,0,0,0,0
Lima OH,0,0,0,0,0
Bluefield-Beckley-Oak Hill WV,0,0,0,0,0
Jacksonville FL,0,0,0,0,0
Grand Rapids-Kalamazoo-Battle Creek MI,50,58,0,0,0
Charleston-Huntington WV,0,0,0,0,0
Elmira NY,0,0,0,0,0
Harrisburg-Lancaster-Lebanon-York PA,0,0,0,0,0
Greenville-Spartanburg SC-Asheville NC-Anderson SC,0,0,0,0,0
Harrisonburg VA,0,0,0,0,0
Florence-Myrtle Beach SC,0,0,0,0,0
Ft. Myers-Naples FL,0,0,0,0,0
Roanoke-Lynchburg VA,0,0,0,0,0
Johnstown-Altoona PA,0,0,0,0,0
Chattanooga TN,0,0,0,0,0
Salisbury MD,0,0,0,0,0
Wilkes Barre-Scranton PA,0,0,0,0,0
Terre Haute IN,0,0,0,0,0
Lafayette IN,0,0,0,0,0
Alpena MI,0,0,0,0,0
Charlottesville VA,0,0,0,0,0
South Bend-Elkhart IN,0,0,0,0,0
Gainesville FL,0,0,0,0,0
Zanesville OH,0,0,0,0,0
Parkersburg WV,0,0,0,0,0
Clarksburg-Weston WV,0,0,0,0,0
Corpus Christi TX,0,0,0,0,0
Joplin MO-Pittsburg KS,0,0,0,0,0
Columbia-Jefferson City MO,0,0,0,0,0
Topeka KS,0,0,0,0,0
Dothan AL,0,0,0,0,0
Rockford IL,0,0,0,0,0
Rochester MN-Mason City IA-Austin MN,0,0,0,0,0
Shreveport LA,0,0,0,0,0
Milwaukee WI,65,51,0,0,0
Springfield MO,0,0,0,0,0
New Orleans LA,0,0,0,0,0
Sioux City IA,0,0,0,0,0
Waco-Temple-Bryan TX,0,0,0,0,0
Victoria TX,0,0,0,0,0
Wichita Falls TX & Lawton OK,0,0,0,0,0
Monroe LA-El Dorado AR,0,0,0,0,0
Birmingham AL,0,0,0,0,0
Ottumwa IA-Kirksville MO,0,0,0,0,0
Paducah KY-Cape Girardeau MO-Harrisburg-Mount Vernon IL,0,0,0,0,0
Odessa-Midland TX,0,0,0,0,0
Amarillo TX,0,0,0,0,0
Harlingen-Weslaco-Brownsville-McAllen TX,0,0,0,0,0
Cedar Rapids-Waterloo-Iowa City & Dubuque IA,0,0,0,0,0
St. Joseph MO,0,0,0,0,0
Jackson TN,0,0,0,0,0
Memphis TN,0,0,0,0,0
San Antonio TX,32,0,0,0,0
Lafayette LA,0,0,0,0,0
Lake Charles LA,0,0,0,0,0
Alexandria LA,0,0,0,0,0
Greenwood-Greenville MS,0,0,0,0,0
Champaign & Springfield-Decatur IL,0,0,0,0,0
Evansville IN,0,0,0,0,0
Oklahoma City OK,37,0,0,100,0
Lubbock TX,0,0,0,0,0
Omaha NE,0,0,0,0,0
Panama City FL,0,0,0,0,0
Sherman TX-Ada OK,0,0,0,0,0
Green Bay-Appleton WI,0,0,0,0,0
Nashville TN,41,0,0,62,0
San Angelo TX,0,0,0,0,0
Abilene-Sweetwater TX,0,0,0,0,0
Madison WI,0,0,0,0,0
Ft. Smith-Fayetteville-Springdale-Rogers AR,0,0,0,0,0
Tulsa OK,0,0,0,0,0
Columbus-Tupelo-West Point MS,0,0,0,0,0
Peoria-Bloomington IL,0,0,0,0,0
Duluth MN-Superior WI,0,0,0,0,0
Wichita-Hutchinson KS,0,0,0,0,0
Des Moines-Ames IA,0,0,0,0,0
Davenport IA-Rock Island-Moline IL,0,0,0,0,0
Mobile AL-Pensacola (Ft. Walton Beach) FL,0,0,0,0,0
Minot-Bismarck-Dickinson(Williston) ND,0,0,0,0,0
Huntsville-Decatur (Florence) AL,0,0,0,0,0
Beaumont-Port Arthur TX,0,0,0,0,0
Little Rock-Pine Bluff AR,0,0,0,0,0
Montgomery (Selma) AL,0,0,0,0,0
La Crosse-Eau Claire WI,0,0,0,0,0
Wausau-Rhinelander WI,0,0,0,0,0
Tyler-Longview(Lufkin & Nacogdoches) TX,0,0,0,0,0
Hattiesburg-Laurel MS,0,0,0,0,0
Meridian MS,0,0,0,0,0
Baton Rouge LA,0,0,0,0,0
Quincy IL-Hannibal MO-Keokuk IA,0,0,0,0,0
Jackson MS,0,0,0,0,0
Lincoln & Hastings-Kearney NE,0,0,0,0,0
Fargo-Valley City ND,0,0,0,0,0
Sioux Falls(Mitchell) SD,0,0,0,0,0
Jonesboro AR,0,0,0,0,0
Bowling Green KY,0,0,0,0,0
Mankato MN,0,0,0,0,0
North Platte NE,0,0,0,0,0
Anchorage AK,0,0,0,0,0
Honolulu HI,0,0,0,0,0
Fairbanks AK,0,0,0,0,0
Biloxi-Gulfport MS,0,0,0,0,0
Juneau AK,0,0,0,0,0
Laredo TX,0,0,0,0,0
Colorado Springs-Pueblo CO,0,0,0,0,0
Butte-Bozeman MT,0,0,0,0,0
Great Falls MT,0,0,0,0,0
Billings MT,0,0,0,0,0
Boise ID,0,0,0,0,0
Idaho Falls-Pocatello ID,0,0,0,0,0
Cheyenne WY-Scottsbluff NE,0,0,0,0,0
Twin Falls ID,0,0,0,0,0
Missoula MT,0,0,0,0,0
Rapid City SD,0,0,0,0,0
El Paso TX,0,0,0,0,0
Helena MT,0,0,0,0,0
Casper-Riverton WY,0,0,0,0,0
Yuma AZ-El Centro CA,0,0,0,0,0
Grand Junction-Montrose CO,0,0,0,0,0
Tucson (Sierra Vista) AZ,0,0,0,0,0
Albuquerque-Santa Fe NM,0,0,0,0,0
Glendive MT,0,0,0,0,0
Bakersfield CA,0,0,0,0,0
Eugene OR,0,0,0,0,0
Eureka CA,0,0,0,0,0
Palm Springs CA,0,0,0,0,0
Yakima-Pasco-Richland-Kennewick WA,0,0,0,0,0
Reno NV,0,0,0,0,0
Medford-Klamath Falls OR,0,0,0,0,0
Bend OR,0,0,0,0,0
Monterey-Salinas CA,0,0,0,0,0
Las Vegas NV,44,0,0,0,0
Santa Barbara-Santa Maria-San Luis Obispo CA,0,0,0,0,0
Fresno-Visalia CA,0,0,0,0,0
Chico-Redding CA,0,0,0,0,0
Spokane WA,0,0,0,0,0


Top cities for market research
City,market research
Cincinnati,100
Cambridge,98
New York,85
Boston,79
Washington,76
Chicago,74
Philadelphia,73
Austin,73
Pleasanton,72
Newark,71
Minneapolis,70
Rochester,68
Pittsburgh,67
San Francisco,65
San Jose,62

Top cities for marketing research
City,marketing research
Cincinnati,100
St. Louis,52
Philadelphia,49
Boston,46
New York,45
Atlanta,45
Columbus,44
Raleigh,44
Chicago,43
Washington,43
Kansas City,42
Minneapolis,42
Tampa,42
Pittsburgh,41
San Diego,39

Top cities for free market research
City,free market research
New York,100

Top cities for market report
City,market report
Washington,100
New York,94
Boston,84
Pittsburgh,79
San Francisco,76
San Jose,67
Minneapolis,61
Richardson,61
Houston,61
Austin,61
Irvine,61
Chicago,61
Portland,60
Denver,59
San Diego,58

Top cities for market analysis
City,market analysis
Cambridge,100
Washington,98
Pittsburgh,87
San Jose,87
Baltimore,84
Reston,82
New York,82
Raleigh,82
Boston,79
San Diego,76
Philadelphia,76
San Francisco,73
Tampa,72
Irvine,71
Houston,71



Top searches for market research
marketing research,100
market research jobs,60
market research companies,55
market research analyst,50
market research group,40
market research industry,40
market data research,35
market research survey,35
market research analysis,35
market analysis,35
market research company,30
online market research,30
market research report,25
market research job,25
focus market research,25
consumer market research,25
global market research,25
stock market research,25
market research firms,25
stock research,25
free market research,20
market research association,20
market research surveys,15
international market research,15
market research definition,15
market research groups,15
market research chicago,15
market research reports,15
market research plan,15
paid market research,15
market research firm,15
target market research,15
market research careers,15
market research consulting,15
market research sample,10
market research studies,10
focus groups,10
market research software,10
market research manager,10
market research questions,10
primary market research,10
qualitative market research,10
qualitative research,10
secondary market research,10
market research methods,10
market research tools,10
market segmentation,10
pharmaceutical market research,10
education market research,10
healthcare market research,10


Top searches for marketing research
market research,100
what is marketing,35
marketing research jobs,30
marketing jobs,30
marketing research group,20
marketing research companies,20
marketing research journal,20
marketing research company,20
journal of marketing,15
marketing research process,15
marketing research association,15
marketing strategy,15
online marketing,15
marketing research survey,15
online marketing research,15
marketing analyst,15
marketing research analyst,15
marketing research definition,15
international marketing research,15
marketing research firms,15
marketing research plan,15
marketing plan,15
internet marketing research,10
primary marketing research,10
marketing research examples,10
marketing research methods,10
marketing research questions,10
marketing research salary,10
marketing research firm,10
marketing research paper,10
marketing research careers,10
market research jobs,10
qualitative marketing research,10
marketing careers,10
marketing strategies,10
research design,10
marketing research report,5
market research companies,5
global marketing,5
marketing research steps,5
global marketing research,5
marketing research surveys,5
quantitative research,5
market research analyst,5
define marketing research,5
marketing mix,5
marketing research institute,5
marketing research career,5
american marketing association,5
marketing research news,5


Top searches for free market research
market research reports,100
market research report,75
stock market research,45
market research companies,40


Top searches for market report
stock report,100
stock market report,100
livestock market report,40
market research report,40
market research,40
market share report,35
market share,35
market analysis report,20
market analysis,20
housing market report,15
cattle market report,15
usda market report,10
market report today,10
manheim market report,10
oil market report,5
job market report,5
cbre market report,5
farm market report,5
labor market report,5
farm report,5
oklahoma market report,5
sports market report,5
market research reports,5
live market report,5
gold market report,5
current stock market,5
hardwood market report,5
grain market report,5
bloomberg market report,5
stock market reports,5


Top searches for market analysis
stock analysis,100
stock market analysis,100
industry analysis,80
market research,70
market research analysis,70
marketing analysis,65
real estate analysis,65
real estate market,65
market share,55
market share analysis,55
swot analysis,55
swot,55
comparative market analysis,45
market data analysis,40
financial analysis,40
market value analysis,40
target market,40
home market analysis,35
competitive market analysis,35
free market analysis,35
target market analysis,35
competitive analysis,35
market analysis example,35
market technical analysis,30
cost analysis,30
technical analysis,30
market analysis report,30
product market analysis,30
market analysis definition,30
market trends,25
market analysis template,25
market size analysis,20
market analysis software,20
housing market analysis,20
market segmentation analysis,20
market segmentation,20
current market analysis,20
market basket analysis,15
house market analysis,15
market analysis summary,15
customer analysis,15
sample market analysis,15
consumer analysis,15
market risk analysis,15
goblin market,15
job market analysis,15
market trend analysis,15
trend analysis,15
goblin market analysis,15
retail market analysis,15



Rising searches for market research
global market research,+250%
market research analyst,+250%
market research job,+200%
market research jobs,+190%
market research report,+80%
market research analysis,+70%
market research company,+60%
market research survey,+60%
market analysis,+50%
market research companies,+50%


Rising searches for marketing research
marketing research definition,Breakout
marketing research process,Breakout
what is marketing,+550%
marketing research analyst,+350%
marketing analyst,+300%
marketing research jobs,+250%
marketing research company,+200%
marketing jobs,+190%
online marketing research,+90%
online marketing,+80%


Rising searches for free market research
market research companies,Breakout
market research report,Breakout
market research reports,Breakout
stock market research,Breakout


Rising searches for market report
livestock market report,+400%
stock report,+90%
housing market report,+80%
stock market report,+80%
market share report,+60%
market analysis,+40%


Rising searches for market analysis
swot,+250%
swot analysis,+250%
market data analysis,+170%
financial analysis,+150%
market share,+130%
marketing analysis,+130%
market share analysis,+90%
stock analysis,+80%
stock market analysis,+80%
market research analysis,+50%



